,frame,id,time
0,0,113602.jpg,1689061090.018627
1,1,,1689061090.0388217
2,2,,1689061090.0586734
3,3,,1689061090.078679
4,4,,1689061090.0993571
5,5,1480926.jpg,1689061090.1193445
6,6,,1689061090.1393461
7,7,,1689061090.159146
8,8,,1689061090.1794827
9,9,,1689061090.1994846
10,10,1517039671.8039265.png,1689061090.2195163
11,11,,1689061090.2395291
12,12,,1689061090.2595315
13,13,,1689061090.2795296
14,14,,1689061090.2995374
15,15,1920-1200-351843.jpg,1689061090.3195367
16,16,,1689061090.3396108
17,17,,1689061090.3596237
18,18,,1689061090.3796108
19,19,,1689061090.3996181
20,20,1920-1200-360818.jpg,1689061090.4195318
21,21,,1689061090.4395318
22,22,,1689061090.4593334
23,23,,1689061090.4793365
24,24,,1689061090.4993403
25,25,1920-1200-379572.png,1689061090.519408
26,26,,1689061090.5394084
27,27,,1689061090.5594018
28,28,,1689061090.579599
29,29,,1689061090.5995972
30,30,1920-1200-555187.jpg,1689061090.619597
31,31,,1689061090.6395977
32,32,,1689061090.6595917
33,33,,1689061090.679598
34,34,,1689061090.699604
35,35,1920-1200-606700.jpg,1689061090.7195914
36,36,,1689061090.739598
37,37,,1689061090.7596025
38,38,,1689061090.7795913
39,39,,1689061090.7995982
40,40,238803.jpg,1689061090.819725
41,41,,1689061090.8387432
42,42,,1689061090.858738
43,43,,1689061090.8787374
44,44,,1689061090.8987358
45,45,310208.jpg,1689061090.9187434
46,46,,1689061090.938738
47,47,,1689061090.9587379
48,48,,1689061090.978736
49,49,,1689061090.9987433
50,50,342360.jpg,1689061091.018737
51,51,,1689061091.0387437
52,52,,1689061091.0587382
53,53,,1689061091.0787432
54,54,,1689061091.0987492
55,55,345397.jpg,1689061091.1191983
56,56,,1689061091.1391976
57,57,,1689061091.1591916
58,58,,1689061091.1792011
59,59,,1689061091.1992028
60,60,359089.jpg,1689061091.219357
61,61,,1689061091.2393684
62,62,,1689061091.259369
63,63,,1689061091.2793758
64,64,,1689061091.2993746
65,65,376324.jpg,1689061091.3194275
66,66,,1689061091.339374
67,67,,1689061091.3593738
68,68,,1689061091.3793733
69,69,,1689061091.399377
70,70,379425.jpg,1689061091.419374
71,71,,1689061091.4393733
72,72,,1689061091.4593673
73,73,,1689061091.4793746
74,74,,1689061091.499374
75,75,382009.jpg,1689061091.519469
76,76,,1689061091.5394688
77,77,,1689061091.5591102
78,78,,1689061091.5787106
79,79,,1689061091.5987103
80,80,445190.jpg,1689061091.6187067
81,81,,1689061091.6387055
82,82,,1689061091.6587105
83,83,,1689061091.6793933
84,84,,1689061091.6993957
85,85,456839.jpg,1689061091.719393
86,86,,1689061091.738767
87,87,,1689061091.7587686
88,88,,1689061091.7787607
89,89,,1689061091.7987669
90,90,488612.jpg,1689061091.8188567
91,91,,1689061091.8388567
92,92,,1689061091.8588507
93,93,,1689061091.8788574
94,94,,1689061091.898881
95,95,112234.jpg,1689061091.919605
96,96,,1689061091.9396057
97,97,,1689061091.9596062
98,98,,1689061091.9796054
99,99,,1689061091.999605
100,100,113602.jpg,1689061092.0190659
101,101,,1689061092.0390842
102,102,,1689061092.0590777
103,103,,1689061092.0793796
104,104,,1689061092.09939
105,105,1480926.jpg,1689061092.119382
106,106,,1689061092.1393895
107,107,,1689061092.1593852
108,108,,1689061092.179391
109,109,,1689061092.199052
110,110,1517039671.8039265.png,1689061092.2191916
111,111,,1689061092.239273
112,112,,1689061092.2592733
113,113,,1689061092.2792735
114,114,,1689061092.2992418
115,115,1920-1200-351843.jpg,1689061092.3188822
116,116,,1689061092.339252
117,117,,1689061092.3592665
118,118,,1689061092.3793607
119,119,,1689061092.399403
120,120,1920-1200-360818.jpg,1689061092.4194338
121,121,,1689061092.439204
122,122,,1689061092.4591978
123,123,,1689061092.4792087
124,124,,1689061092.4992042
125,125,1920-1200-379572.png,1689061092.5192041
126,126,,1689061092.5392075
127,127,,1689061092.5591004
128,128,,1689061092.5791116
129,129,,1689061092.5992215
130,130,1920-1200-555187.jpg,1689061092.619106
131,131,,1689061092.639106
132,132,,1689061092.6591024
133,133,,1689061092.6792467
134,134,,1689061092.6992462
135,135,1920-1200-606700.jpg,1689061092.7193463
136,136,,1689061092.739346
137,137,,1689061092.7594476
138,138,,1689061092.7794547
139,139,,1689061092.7994468
140,140,238803.jpg,1689061092.8194532
141,141,,1689061092.839522
142,142,,1689061092.8594463
143,143,,1689061092.8794537
144,144,,1689061092.899454
145,145,310208.jpg,1689061092.9192967
146,146,,1689061092.9392993
147,147,,1689061092.9592988
148,148,,1689061092.9792967
149,149,,1689061092.9992974
150,150,342360.jpg,1689061093.0188115
151,151,,1689061093.0388188
152,152,,1689061093.0588124
153,153,,1689061093.0788136
154,154,,1689061093.0988982
155,155,345397.jpg,1689061093.119067
156,156,,1689061093.13909
157,157,,1689061093.158915
158,158,,1689061093.1789043
159,159,,1689061093.1991425
160,160,359089.jpg,1689061093.2191906
161,161,,1689061093.239192
162,162,,1689061093.2591844
163,163,,1689061093.2791915
164,164,,1689061093.2992578
165,165,376324.jpg,1689061093.3191986
166,166,,1689061093.3386717
167,167,,1689061093.3586714
168,168,,1689061093.3786654
169,169,,1689061093.398672
170,170,379425.jpg,1689061093.4195833
171,171,,1689061093.4395852
172,172,,1689061093.459593
173,173,,1689061093.4795911
174,174,,1689061093.4995909
175,175,382009.jpg,1689061093.519584
176,176,,1689061093.539593
177,177,,1689061093.5587256
178,178,,1689061093.57872
179,179,,1689061093.5987256
180,180,445190.jpg,1689061093.61873
181,181,,1689061093.638726
182,182,,1689061093.6587253
183,183,,1689061093.67872
184,184,,1689061093.6987264
185,185,456839.jpg,1689061093.7189307
186,186,,1689061093.7389426
187,187,,1689061093.7591243
188,188,,1689061093.7791176
189,189,,1689061093.7991242
190,190,488612.jpg,1689061093.8191586
191,191,,1689061093.838649
192,192,,1689061093.8586483
193,193,,1689061093.879023
194,194,,1689061093.8990712
195,195,112234.jpg,1689061093.919082
196,196,,1689061093.939089
197,197,,1689061093.9590888
198,198,,1689061093.9790835
199,199,,1689061093.9990935
200,200,113602.jpg,1689061094.0194902
201,201,,1689061094.039502
202,202,,1689061094.059508
203,203,,1689061094.0795023
204,204,,1689061094.0995083
205,205,1480926.jpg,1689061094.1195123
206,206,,1689061094.139502
207,207,,1689061094.159508
208,208,,1689061094.1795008
209,209,,1689061094.199504
210,210,1517039671.8039265.png,1689061094.2195456
211,211,,1689061094.2395964
212,212,,1689061094.2595966
213,213,,1689061094.2795959
214,214,,1689061094.2988672
215,215,1920-1200-351843.jpg,1689061094.3190267
216,216,,1689061094.339027
217,217,,1689061094.3590264
218,218,,1689061094.3790283
219,219,,1689061094.3991468
220,220,1920-1200-360818.jpg,1689061094.4186742
221,221,,1689061094.4386742
222,222,,1689061094.4586742
223,223,,1689061094.4786763
224,224,,1689061094.4986691
225,225,1920-1200-379572.png,1689061094.5186758
226,226,,1689061094.538738
227,227,,1689061094.558738
228,228,,1689061094.5787377
229,229,,1689061094.598738
230,230,1920-1200-555187.jpg,1689061094.6187387
231,231,,1689061094.638738
232,232,,1689061094.6587322
233,233,,1689061094.6787398
234,234,,1689061094.6987383
235,235,1920-1200-606700.jpg,1689061094.7187376
236,236,,1689061094.7387402
237,237,,1689061094.7592084
238,238,,1689061094.7792118
239,239,,1689061094.7992077
240,240,238803.jpg,1689061094.8194253
241,241,,1689061094.8387723
242,242,,1689061094.8587275
243,243,,1689061094.8787217
244,244,,1689061094.8987932
245,245,310208.jpg,1689061094.9188194
246,246,,1689061094.9388182
247,247,,1689061094.9588182
248,248,,1689061094.9788115
249,249,,1689061094.998819
250,250,342360.jpg,1689061095.0190074
251,251,,1689061095.03879
252,252,,1689061095.0589116
253,253,,1689061095.0792658
254,254,,1689061095.099267
255,255,345397.jpg,1689061095.1193738
256,256,,1689061095.139372
257,257,,1689061095.1593719
258,258,,1689061095.179374
259,259,,1689061095.1993732
260,260,359089.jpg,1689061095.2193723
261,261,,1689061095.2393682
262,262,,1689061095.2593722
263,263,,1689061095.2793665
264,264,,1689061095.2994103
265,265,376324.jpg,1689061095.3192506
266,266,,1689061095.3392544
267,267,,1689061095.3592546
268,268,,1689061095.379354
269,269,,1689061095.3993444
270,270,379425.jpg,1689061095.4193742
271,271,,1689061095.4393733
272,272,,1689061095.4593732
273,273,,1689061095.4794102
274,274,,1689061095.4994094
275,275,382009.jpg,1689061095.519066
276,276,,1689061095.539071
277,277,,1689061095.5590663
278,278,,1689061095.5790708
279,279,,1689061095.599066
280,280,445190.jpg,1689061095.619068
281,281,,1689061095.6390662
282,282,,1689061095.6590662
283,283,,1689061095.6790605
284,284,,1689061095.6990607
285,285,456839.jpg,1689061095.719072
286,286,,1689061095.7390718
287,287,,1689061095.7590718
288,288,,1689061095.7790656
289,289,,1689061095.7990732
290,290,488612.jpg,1689061095.8190725
291,291,,1689061095.839072
292,292,,1689061095.859066
293,293,,1689061095.8790727
294,294,,1689061095.8989577
295,295,112234.jpg,1689061095.9193623
296,296,,1689061095.939366
297,297,,1689061095.9593627
298,298,,1689061095.9793556
299,299,,1689061095.9993625
300,300,113602.jpg,1689061096.0186324
301,301,,1689061096.0386326
302,302,,1689061096.0586326
303,303,,1689061096.0786285
304,304,,1689061096.0995924
305,305,1480926.jpg,1689061096.1196213
306,306,,1689061096.1386619
307,307,,1689061096.1586676
308,308,,1689061096.1786642
309,309,,1689061096.1988275
310,310,1517039671.8039265.png,1689061096.219076
311,311,,1689061096.239077
312,312,,1689061096.259091
313,313,,1689061096.2790911
314,314,,1689061096.299098
315,315,1920-1200-351843.jpg,1689061096.3191702
316,316,,1689061096.3391702
317,317,,1689061096.3588955
318,318,,1689061096.3788912
319,319,,1689061096.398897
320,320,1920-1200-360818.jpg,1689061096.418896
321,321,,1689061096.439266
322,322,,1689061096.4592602
323,323,,1689061096.479267
324,324,,1689061096.499267
325,325,1920-1200-379572.png,1689061096.5192664
326,326,,1689061096.539393
327,327,,1689061096.5588255
328,328,,1689061096.5788276
329,329,,1689061096.5988262
330,330,1920-1200-555187.jpg,1689061096.6189034
331,331,,1689061096.6389034
332,332,,1689061096.6589034
333,333,,1689061096.6791954
334,334,,1689061096.6992018
335,335,1920-1200-606700.jpg,1689061096.7192805
336,336,,1689061096.7394354
337,337,,1689061096.7594347
338,338,,1689061096.779436
339,339,,1689061096.799435
340,340,238803.jpg,1689061096.8193262
341,341,,1689061096.8393312
342,342,,1689061096.8594034
343,343,,1689061096.8793406
344,344,,1689061096.898937
345,345,310208.jpg,1689061096.9194565
346,346,,1689061096.9393868
347,347,,1689061096.9593797
348,348,,1689061096.9793897
349,349,,1689061096.9993796
350,350,342360.jpg,1689061097.0193796
351,351,,1689061097.0393872
352,352,,1689061097.0593815
353,353,,1689061097.0793808
354,354,,1689061097.099388
355,355,345397.jpg,1689061097.1194277
356,356,,1689061097.1394947
357,357,,1689061097.1594276
358,358,,1689061097.1794233
359,359,,1689061097.1994286
360,360,359089.jpg,1689061097.219436
361,361,,1689061097.2386997
362,362,,1689061097.2586973
363,363,,1689061097.2786975
364,364,,1689061097.2987
365,365,376324.jpg,1689061097.319306
366,366,,1689061097.3393059
367,367,,1689061097.3594213
368,368,,1689061097.3794286
369,369,,1689061097.399428
370,370,379425.jpg,1689061097.419428
371,371,,1689061097.4393308
372,372,,1689061097.459332
373,373,,1689061097.478746
374,374,,1689061097.4987469
375,375,382009.jpg,1689061097.5187762
376,376,,1689061097.538778
377,377,,1689061097.5594537
378,378,,1689061097.5791895
379,379,,1689061097.5994954
380,380,445190.jpg,1689061097.6194952
381,381,,1689061097.6388805
382,382,,1689061097.6591973
383,383,,1689061097.679189
384,384,,1689061097.6991963
385,385,456839.jpg,1689061097.719566
386,386,,1689061097.7391784
387,387,,1689061097.759189
388,388,,1689061097.7791822
389,389,,1689061097.799194
390,390,488612.jpg,1689061097.819211
391,391,,1689061097.839211
392,392,,1689061097.8592105
393,393,,1689061097.879211
394,394,,1689061097.8992057
395,395,112234.jpg,1689061097.9192746
396,396,,1689061097.9392664
397,397,,1689061097.9592743
398,398,,1689061097.9792745
399,399,,1689061097.9992774
400,400,113602.jpg,1689061098.0192745
401,401,,1689061098.039274
402,402,,1689061098.0592747
403,403,,1689061098.079463
404,404,,1689061098.0992792
405,405,1480926.jpg,1689061098.1192925
406,406,,1689061098.1392756
407,407,,1689061098.1592758
408,408,,1689061098.1792753
409,409,,1689061098.1992698
410,410,1517039671.8039265.png,1689061098.2189252
411,411,,1689061098.2389176
412,412,,1689061098.258925
413,413,,1689061098.2789187
414,414,,1689061098.2989311
415,415,1920-1200-351843.jpg,1689061098.3189273
416,416,,1689061098.3389273
417,417,,1689061098.3589191
418,418,,1689061098.3789985
419,419,,1689061098.3989198
420,420,1920-1200-360818.jpg,1689061098.4189253
421,421,,1689061098.4389303
422,422,,1689061098.4589314
423,423,,1689061098.4789276
424,424,,1689061098.4989195
425,425,1920-1200-379572.png,1689061098.5189185
426,426,,1689061098.5389276
427,427,,1689061098.5589275
428,428,,1689061098.5789182
429,429,,1689061098.598919
430,430,1920-1200-555187.jpg,1689061098.6189318
431,431,,1689061098.6389287
432,432,,1689061098.6589274
433,433,,1689061098.6789289
434,434,,1689061098.69892
435,435,1920-1200-606700.jpg,1689061098.718928
436,436,,1689061098.7389276
437,437,,1689061098.7589276
438,438,,1689061098.7789295
439,439,,1689061098.79892
440,440,238803.jpg,1689061098.81893
441,441,,1689061098.8389254
442,442,,1689061098.8589287
443,443,,1689061098.8789258
444,444,,1689061098.8989193
445,445,310208.jpg,1689061098.9189868
446,446,,1689061098.9389868
447,447,,1689061098.9589882
448,448,,1689061098.9789865
449,449,,1689061098.9992833
450,450,342360.jpg,1689061099.018634
451,451,,1689061099.0386322
452,452,,1689061099.0586307
453,453,,1689061099.078638
454,454,,1689061099.0986314
455,455,345397.jpg,1689061099.1186576
456,456,,1689061099.138653
457,457,,1689061099.1586502
458,458,,1689061099.1789398
459,459,,1689061099.198934
460,460,359089.jpg,1689061099.2193294
461,461,,1689061099.2393286
462,462,,1689061099.2594845
463,463,,1689061099.2794833
464,464,,1689061099.299483
465,465,376324.jpg,1689061099.3191326
466,466,,1689061099.3391328
467,467,,1689061099.3595345
468,468,,1689061099.3795338
469,469,,1689061099.3989067
470,470,379425.jpg,1689061099.4189804
471,471,,1689061099.43919
472,472,,1689061099.459192
473,473,,1689061099.4791913
474,474,,1689061099.4991837
475,475,382009.jpg,1689061099.5193286
476,476,,1689061099.5393279
477,477,,1689061099.5595238
478,478,,1689061099.5795228
479,479,,1689061099.5995162
480,480,445190.jpg,1689061099.6188223
481,481,,1689061099.6388197
482,482,,1689061099.65882
483,483,,1689061099.6788201
484,484,,1689061099.6988137
485,485,456839.jpg,1689061099.7188213
486,486,,1689061099.7388194
487,487,,1689061099.7589467
488,488,,1689061099.778947
489,489,,1689061099.799405
490,490,488612.jpg,1689061099.8193095
491,491,,1689061099.8388276
492,492,,1689061099.85884
493,493,,1689061099.878736
494,494,,1689061099.8987365
495,495,112234.jpg,1689061099.918764
496,496,,1689061099.938762
497,497,,1689061099.9592419
498,498,,1689061099.979242
499,499,,1689061099.9992359
500,500,113602.jpg,1689061100.0188692
501,501,,1689061100.0391212
502,502,,1689061100.0595548
503,503,,1689061100.0790722
504,504,,1689061100.0991719
505,505,1480926.jpg,1689061100.1191716
506,506,,1689061100.139166
507,507,,1689061100.159236
508,508,,1689061100.1794338
509,509,,1689061100.1994421
510,510,1517039671.8039265.png,1689061100.2194908
511,511,,1689061100.2395651
512,512,,1689061100.2594972
513,513,,1689061100.2794971
514,514,,1689061100.298671
515,515,1920-1200-351843.jpg,1689061100.318782
516,516,,1689061100.3387818
517,517,,1689061100.3591883
518,518,,1689061100.379496
519,519,,1689061100.398635
520,520,1920-1200-360818.jpg,1689061100.4188662
521,521,,1689061100.4388661
522,522,,1689061100.4588726
523,523,,1689061100.4788947
524,524,,1689061100.4988956
525,525,1920-1200-379572.png,1689061100.520305
526,526,,1689061100.5394855
527,527,,1689061100.5594895
528,528,,1689061100.5794895
529,529,,1689061100.5994852
530,530,1920-1200-555187.jpg,1689061100.6191194
531,531,,1689061100.6391268
532,532,,1689061100.6591263
533,533,,1689061100.67913
534,534,,1689061100.6991222
535,535,1920-1200-606700.jpg,1689061100.7192109
536,536,,1689061100.7392137
537,537,,1689061100.7592187
538,538,,1689061100.7793899
539,539,,1689061100.799393
540,540,238803.jpg,1689061100.8194258
541,541,,1689061100.8394291
542,542,,1689061100.8594258
543,543,,1689061100.8794255
544,544,,1689061100.8994195
545,545,310208.jpg,1689061100.9192436
546,546,,1689061100.9392428
547,547,,1689061100.9596837
548,548,,1689061100.9793189
549,549,,1689061100.999626
550,550,342360.jpg,1689061101.0194368
551,551,,1689061101.0393765
552,552,,1689061101.0593746
553,553,,1689061101.0793743
554,554,,1689061101.0993705
555,555,345397.jpg,1689061101.119135
556,556,,1689061101.1391346
557,557,,1689061101.1591344
558,558,,1689061101.1791341
559,559,,1689061101.1992536
560,560,359089.jpg,1689061101.218685
561,561,,1689061101.238685
562,562,,1689061101.2591965
563,563,,1689061101.2791932
564,564,,1689061101.2991877
565,565,376324.jpg,1689061101.318874
566,566,,1689061101.3395724
567,567,,1689061101.3595803
568,568,,1689061101.3795722
569,569,,1689061101.3995748
570,570,379425.jpg,1689061101.4189878
571,571,,1689061101.439005
572,572,,1689061101.4590049
573,573,,1689061101.4791436
574,574,,1689061101.4992948
575,575,382009.jpg,1689061101.5193024
576,576,,1689061101.5393012
577,577,,1689061101.5593653
578,578,,1689061101.5793657
579,579,,1689061101.5995533
580,580,445190.jpg,1689061101.619563
581,581,,1689061101.6395044
582,582,,1689061101.6595044
583,583,,1689061101.6789637
584,584,,1689061101.6991708
585,585,456839.jpg,1689061101.7193787
586,586,,1689061101.7387443
587,587,,1689061101.7587407
588,588,,1689061101.7787437
589,589,,1689061101.7987456
590,590,488612.jpg,1689061101.8187983
591,591,,1689061101.8387897
592,592,,1689061101.859403
593,593,,1689061101.8794034
594,594,,1689061101.899496
595,595,112234.jpg,1689061101.9187744
596,596,,1689061101.9392233
597,597,,1689061101.9589012
598,598,,1689061101.9789352
599,599,,1689061101.9987872
600,600,113602.jpg,1689061102.0190482
601,601,,1689061102.0398328
602,602,,1689061102.0594223
603,603,,1689061102.07949
604,604,,1689061102.0994928
605,605,1480926.jpg,1689061102.1188502
606,606,,1689061102.13885
607,607,,1689061102.1588557
608,608,,1689061102.1790903
609,609,,1689061102.19909
610,610,1517039671.8039265.png,1689061102.2213237
611,611,,1689061102.2392511
612,612,,1689061102.259251
613,613,,1689061102.2792447
614,614,,1689061102.299255
615,615,1920-1200-351843.jpg,1689061102.3193386
616,616,,1689061102.3393369
617,617,,1689061102.3596141
618,618,,1689061102.3796139
619,619,,1689061102.3986545
620,620,1920-1200-360818.jpg,1689061102.4189565
621,621,,1689061102.439231
622,622,,1689061102.4592457
623,623,,1689061102.4792461
624,624,,1689061102.499246
625,625,1920-1200-379572.png,1689061102.5192747
626,626,,1689061102.5392802
627,627,,1689061102.5592804
628,628,,1689061102.5792801
629,629,,1689061102.5993462
630,630,1920-1200-555187.jpg,1689061102.6193454
631,631,,1689061102.6393456
632,632,,1689061102.6593454
633,633,,1689061102.6794722
634,634,,1689061102.6994689
635,635,1920-1200-606700.jpg,1689061102.718791
636,636,,1689061102.7388763
637,637,,1689061102.758866
638,638,,1689061102.7788723
639,639,,1689061102.7989614
640,640,238803.jpg,1689061102.818978
641,641,,1689061102.8389835
642,642,,1689061102.858974
643,643,,1689061102.8789802
644,644,,1689061102.8989806
645,645,310208.jpg,1689061102.9189742
646,646,,1689061102.9389844
647,647,,1689061102.9590485
648,648,,1689061102.9789803
649,649,,1689061102.9989812
650,650,342360.jpg,1689061103.0195687
651,651,,1689061103.0387053
652,652,,1689061103.0587122
653,653,,1689061103.0787125
654,654,,1689061103.0987122
655,655,345397.jpg,1689061103.1189814
656,656,,1689061103.1393766
657,657,,1689061103.159462
658,658,,1689061103.1794598
659,659,,1689061103.1994517
660,660,359089.jpg,1689061103.2194858
661,661,,1689061103.2394922
662,662,,1689061103.259491
663,663,,1689061103.2794914
664,664,,1689061103.2994914
665,665,376324.jpg,1689061103.3189557
666,666,,1689061103.338962
667,667,,1689061103.3593805
668,668,,1689061103.3793807
669,669,,1689061103.3993728
670,670,379425.jpg,1689061103.4194264
671,671,,1689061103.4394386
672,672,,1689061103.4594321
673,673,,1689061103.47877
674,674,,1689061103.4990978
675,675,382009.jpg,1689061103.5201018
676,676,,1689061103.5390987
677,677,,1689061103.5591054
678,678,,1689061103.5791054
679,679,,1689061103.5990992
680,680,445190.jpg,1689061103.6191278
681,681,,1689061103.639135
682,682,,1689061103.6593392
683,683,,1689061103.679339
684,684,,1689061103.6994705
685,685,456839.jpg,1689061103.7186687
686,686,,1689061103.7386677
687,687,,1689061103.758675
688,688,,1689061103.7786746
689,689,,1689061103.7986743
690,690,488612.jpg,1689061103.8213196
691,691,,1689061103.8393252
692,692,,1689061103.8593252
693,693,,1689061103.8793259
694,694,,1689061103.898628
695,695,112234.jpg,1689061103.9186823
696,696,,1689061103.9386885
697,697,,1689061103.958721
698,698,,1689061103.9787214
699,699,,1689061103.999306
700,700,113602.jpg,1689061104.019244
701,701,,1689061104.0392442
702,702,,1689061104.0592496
703,703,,1689061104.079249
704,704,,1689061104.099249
705,705,1480926.jpg,1689061104.1192439
706,706,,1689061104.1392436
707,707,,1689061104.1592493
708,708,,1689061104.1792488
709,709,,1689061104.1992443
710,710,1517039671.8039265.png,1689061104.2192745
711,711,,1689061104.2392814
712,712,,1689061104.2592757
713,713,,1689061104.279287
714,714,,1689061104.299281
715,715,1920-1200-351843.jpg,1689061104.319234
716,716,,1689061104.3392308
717,717,,1689061104.359407
718,718,,1689061104.3794074
719,719,,1689061104.399408
720,720,1920-1200-360818.jpg,1689061104.419501
721,721,,1689061104.4388459
722,722,,1689061104.4593275
723,723,,1689061104.4793272
724,724,,1689061104.4986851
725,725,1920-1200-379572.png,1689061104.51939
726,726,,1689061104.539397
727,727,,1689061104.5594473
728,728,,1689061104.5786495
729,729,,1689061104.598649
730,730,1920-1200-555187.jpg,1689061104.6189494
731,731,,1689061104.6389494
732,732,,1689061104.6589487
733,733,,1689061104.6793346
734,734,,1689061104.6993332
735,735,1920-1200-606700.jpg,1689061104.7192948
736,736,,1689061104.739293
737,737,,1689061104.7592957
738,738,,1689061104.7793117
739,739,,1689061104.799303
740,740,238803.jpg,1689061104.819305
741,741,,1689061104.839299
742,742,,1689061104.8592966
743,743,,1689061104.8795955
744,744,,1689061104.8995945
745,745,310208.jpg,1689061104.9195888
746,746,,1689061104.9395988
747,747,,1689061104.959588
748,748,,1689061104.9795947
749,749,,1689061104.9991121
750,750,342360.jpg,1689061105.018971
751,751,,1689061105.0391052
752,752,,1689061105.0590892
753,753,,1689061105.0793345
754,754,,1689061105.099333
755,755,345397.jpg,1689061105.119235
756,756,,1689061105.1392403
757,757,,1689061105.1592026
758,758,,1689061105.1793013
759,759,,1689061105.1993003
760,760,359089.jpg,1689061105.2202861
761,761,,1689061105.2386818
762,762,,1689061105.2586877
763,763,,1689061105.2786875
764,764,,1689061105.298683
765,765,376324.jpg,1689061105.3190615
766,766,,1689061105.3390684
767,767,,1689061105.3593624
768,768,,1689061105.3793812
769,769,,1689061105.399506
770,770,379425.jpg,1689061105.4195297
771,771,,1689061105.4395216
772,772,,1689061105.4595282
773,773,,1689061105.4795282
774,774,,1689061105.4995306
775,775,382009.jpg,1689061105.5186443
776,776,,1689061105.539545
777,777,,1689061105.559552
778,778,,1689061105.5795512
779,779,,1689061105.5989456
780,780,445190.jpg,1689061105.6195235
781,781,,1689061105.6395226
782,782,,1689061105.6595218
783,783,,1689061105.6795156
784,784,,1689061105.6995254
785,785,456839.jpg,1689061105.7195158
786,786,,1689061105.7395232
787,787,,1689061105.7595146
788,788,,1689061105.7795215
789,789,,1689061105.799521
790,790,488612.jpg,1689061105.8225152
791,791,,1689061105.8395221
792,792,,1689061105.8595145
793,793,,1689061105.8795214
794,794,,1689061105.8995214
795,795,112234.jpg,1689061105.9190977
796,796,,1689061105.9391575
797,797,,1689061105.9591558
798,798,,1689061105.9791558
799,799,,1689061105.9991558
800,800,113602.jpg,1689061106.0189435
801,801,,1689061106.0389385
802,802,,1689061106.0589445
803,803,,1689061106.0789459
804,804,,1689061106.0989435
805,805,1480926.jpg,1689061106.1194525
806,806,,1689061106.1394603
807,807,,1689061106.159459
808,808,,1689061106.1794589
809,809,,1689061106.1994522
810,810,1517039671.8039265.png,1689061106.2195873
811,811,,1689061106.2395928
812,812,,1689061106.2595935
813,813,,1689061106.2795868
814,814,,1689061106.2987263
815,815,1920-1200-351843.jpg,1689061106.3187213
816,816,,1689061106.3387141
817,817,,1689061106.3589685
818,818,,1689061106.3791456
819,819,,1689061106.399145
820,820,1920-1200-360818.jpg,1689061106.4191713
821,821,,1689061106.4388425
822,822,,1689061106.4588492
823,823,,1689061106.4788492
824,824,,1689061106.4986713
825,825,1920-1200-379572.png,1689061106.5195205
826,826,,1689061106.5395236
827,827,,1689061106.5595136
828,828,,1689061106.5795128
829,829,,1689061106.5995207
830,830,1920-1200-555187.jpg,1689061106.61922
831,831,,1689061106.6392138
832,832,,1689061106.6592197
833,833,,1689061106.6792204
834,834,,1689061106.6992197
835,835,1920-1200-606700.jpg,1689061106.7192318
836,836,,1689061106.7392263
837,837,,1689061106.759232
838,838,,1689061106.7786853
839,839,,1689061106.7986856
840,840,238803.jpg,1689061106.820679
841,841,,1689061106.8386805
842,842,,1689061106.8587003
843,843,,1689061106.8787074
844,844,,1689061106.8987024
845,845,310208.jpg,1689061106.9190087
846,846,,1689061106.9394035
847,847,,1689061106.9593956
848,848,,1689061106.9794009
849,849,,1689061106.9994013
850,850,342360.jpg,1689061107.019401
851,851,,1689061107.0393956
852,852,,1689061107.0594018
853,853,,1689061107.0794013
854,854,,1689061107.0987606
855,855,345397.jpg,1689061107.1188514
856,856,,1689061107.139609
857,857,,1689061107.1596045
858,858,,1689061107.1786761
859,859,,1689061107.1986775
860,860,359089.jpg,1689061107.2186475
861,861,,1689061107.2386494
862,862,,1689061107.2586558
863,863,,1689061107.278655
864,864,,1689061107.2986474
865,865,376324.jpg,1689061107.3198462
866,866,,1689061107.3388531
867,867,,1689061107.358859
868,868,,1689061107.3788588
869,869,,1689061107.3988557
870,870,379425.jpg,1689061107.418852
871,871,,1689061107.4388683
872,872,,1689061107.4588525
873,873,,1689061107.4788525
874,874,,1689061107.499152
875,875,382009.jpg,1689061107.519283
876,876,,1689061107.539287
877,877,,1689061107.5594862
878,878,,1689061107.5794985
879,879,,1689061107.5994928
880,880,445190.jpg,1689061107.619486
881,881,,1689061107.639487
882,882,,1689061107.6594872
883,883,,1689061107.6794868
884,884,,1689061107.6994874
885,885,456839.jpg,1689061107.7193308
886,886,,1689061107.7387216
887,887,,1689061107.7587264
888,888,,1689061107.7791488
889,889,,1689061107.79915
890,890,488612.jpg,1689061107.8191414
891,891,,1689061107.8391428
892,892,,1689061107.8591485
893,893,,1689061107.879142
894,894,,1689061107.8991477
895,895,112234.jpg,1689061107.9191408
896,896,,1689061107.9391432
897,897,,1689061107.9591405
898,898,,1689061107.9791477
899,899,,1689061107.9991481
900,900,113602.jpg,1689061108.0191407
901,901,,1689061108.0391421
902,902,,1689061108.059148
903,903,,1689061108.079148
904,904,,1689061108.0992737
905,905,1480926.jpg,1689061108.1191711
906,906,,1689061108.1391642
907,907,,1689061108.159612
908,908,,1689061108.1788204
909,909,,1689061108.19882
910,910,1517039671.8039265.png,1689061108.21882
911,911,,1689061108.2394407
912,912,,1689061108.2594526
913,913,,1689061108.2794466
914,914,,1689061108.2994418
915,915,1920-1200-351843.jpg,1689061108.3193884
916,916,,1689061108.3393822
917,917,,1689061108.359388
918,918,,1689061108.3793814
919,919,,1689061108.399601
920,920,1920-1200-360818.jpg,1689061108.4190536
921,921,,1689061108.4390593
922,922,,1689061108.4590578
923,923,,1689061108.4790587
924,924,,1689061108.499058
925,925,1920-1200-379572.png,1689061108.5190587
926,926,,1689061108.5390527
927,927,,1689061108.5590582
928,928,,1689061108.57927
929,929,,1689061108.6004846
930,930,1920-1200-555187.jpg,1689061108.6190357
931,931,,1689061108.639031
932,932,,1689061108.659036
933,933,,1689061108.679041
934,934,,1689061108.6990356
935,935,1920-1200-606700.jpg,1689061108.7190359
936,936,,1689061108.7390296
937,937,,1689061108.7590303
938,938,,1689061108.7791111
939,939,,1689061108.7990358
940,940,238803.jpg,1689061108.8192499
941,941,,1689061108.8392518
942,942,,1689061108.8592513
943,943,,1689061108.8793554
944,944,,1689061108.8993967
945,945,310208.jpg,1689061108.9188373
946,946,,1689061108.9388323
947,947,,1689061108.9589543
948,948,,1689061108.978954
949,949,,1689061108.998946
950,950,342360.jpg,1689061109.0187502
951,951,,1689061109.038753
952,952,,1689061109.058745
953,953,,1689061109.07866
954,954,,1689061109.09959
955,955,345397.jpg,1689061109.119576
956,956,,1689061109.1393802
957,957,,1689061109.1593792
958,958,,1689061109.17945
959,959,,1689061109.19945
960,960,359089.jpg,1689061109.219386
961,961,,1689061109.2393878
962,962,,1689061109.2593858
963,963,,1689061109.2794874
964,964,,1689061109.2994924
965,965,376324.jpg,1689061109.3195212
966,966,,1689061109.3395228
967,967,,1689061109.3595233
968,968,,1689061109.3787196
969,969,,1689061109.3987868
970,970,379425.jpg,1689061109.4195158
971,971,,1689061109.4395185
972,972,,1689061109.4595153
973,973,,1689061109.4795153
974,974,,1689061109.4995153
975,975,382009.jpg,1689061109.519054
976,976,,1689061109.5390472
977,977,,1689061109.5590546
978,978,,1689061109.579047
979,979,,1689061109.599054
980,980,445190.jpg,1689061109.6192484
981,981,,1689061109.6392412
982,982,,1689061109.6595314
983,983,,1689061109.679538
984,984,,1689061109.6995375
985,985,456839.jpg,1689061109.719036
986,986,,1689061109.7390296
987,987,,1689061109.7590392
988,988,,1689061109.7790384
989,989,,1689061109.799037
990,990,488612.jpg,1689061109.8190374
991,991,,1689061109.8390293
992,992,,1689061109.8590295
993,993,,1689061109.8790362
994,994,,1689061109.8990302
995,995,112234.jpg,1689061109.9191926
996,996,,1689061109.9391859
997,997,,1689061109.9586978
998,998,,1689061109.9787014
999,999,,1689061109.998705
1000,1000,113602.jpg,1689061110.0189974
1001,1001,,1689061110.039013
1002,1002,,1689061110.0590258
1003,1003,,1689061110.0790186
1004,1004,,1689061110.0990186
1005,1005,1480926.jpg,1689061110.1187232
1006,1006,,1689061110.1387236
1007,1007,,1689061110.158717
1008,1008,,1689061110.1787171
1009,1009,,1689061110.1987245
1010,1010,1517039671.8039265.png,1689061110.2187233
1011,1011,,1689061110.238723
1012,1012,,1689061110.2587185
1013,1013,,1689061110.278718
1014,1014,,1689061110.2987158
1015,1015,1920-1200-351843.jpg,1689061110.3187156
1016,1016,,1689061110.3387167
1017,1017,,1689061110.3587246
1018,1018,,1689061110.378793
1019,1019,,1689061110.3987231
1020,1020,1920-1200-360818.jpg,1689061110.4187162
1021,1021,,1689061110.438723
1022,1022,,1689061110.4590354
1023,1023,,1689061110.4790418
1024,1024,,1689061110.49923
1025,1025,1920-1200-379572.png,1689061110.5189836
1026,1026,,1689061110.538982
1027,1027,,1689061110.5594823
1028,1028,,1689061110.579485
1029,1029,,1689061110.599582
1030,1030,1920-1200-555187.jpg,1689061110.6196032
1031,1031,,1689061110.6395957
1032,1032,,1689061110.6595964
1033,1033,,1689061110.6790497
1034,1034,,1689061110.6994848
1035,1035,1920-1200-606700.jpg,1689061110.719484
1036,1036,,1689061110.7390003
1037,1037,,1689061110.7590737
1038,1038,,1689061110.7795694
1039,1039,,1689061110.8005798
1040,1040,238803.jpg,1689061110.8186529
1041,1041,,1689061110.838706
1042,1042,,1689061110.8587005
1043,1043,,1689061110.8787
1044,1044,,1689061110.8987107
1045,1045,310208.jpg,1689061110.918699
1046,1046,,1689061110.9389327
1047,1047,,1689061110.958927
1048,1048,,1689061110.978934
1049,1049,,1689061110.9989552
1050,1050,342360.jpg,1689061111.0189545
1051,1051,,1689061111.0389469
1052,1052,,1689061111.0589483
1053,1053,,1689061111.0789475
1054,1054,,1689061111.0989544
1055,1055,345397.jpg,1689061111.118987
1056,1056,,1689061111.1389875
1057,1057,,1689061111.1589882
1058,1058,,1689061111.1796284
1059,1059,,1689061111.199077
1060,1060,359089.jpg,1689061111.2190762
1061,1061,,1689061111.239076
1062,1062,,1689061111.2593634
1063,1063,,1689061111.2788336
1064,1064,,1689061111.2988598
1065,1065,376324.jpg,1689061111.3191767
1066,1066,,1689061111.339179
1067,1067,,1689061111.359173
1068,1068,,1689061111.3791795
1069,1069,,1689061111.3996215
1070,1070,379425.jpg,1689061111.4195642
1071,1071,,1689061111.4395645
1072,1072,,1689061111.4595664
1073,1073,,1689061111.4795651
1074,1074,,1689061111.4995725
1075,1075,382009.jpg,1689061111.5195718
1076,1076,,1689061111.5395725
1077,1077,,1689061111.559566
1078,1078,,1689061111.5795648
1079,1079,,1689061111.5995717
1080,1080,445190.jpg,1689061111.6188693
1081,1081,,1689061111.6388752
1082,1082,,1689061111.6588628
1083,1083,,1689061111.6788626
1084,1084,,1689061111.6988692
1085,1085,456839.jpg,1689061111.71904
1086,1086,,1689061111.7390404
1087,1087,,1689061111.7594583
1088,1088,,1689061111.7793317
1089,1089,,1689061111.799387
1090,1090,488612.jpg,1689061111.8193529
1091,1091,,1689061111.8393528
1092,1092,,1689061111.8587263
1093,1093,,1689061111.8789997
1094,1094,,1689061111.8992062
1095,1095,112234.jpg,1689061111.919477
1096,1096,,1689061111.9390872
1097,1097,,1689061111.9593678
1098,1098,,1689061111.979438
1099,1099,,1689061111.999439
1100,1100,113602.jpg,1689061112.0192091
1101,1101,,1689061112.0392082
1102,1102,,1689061112.059557
1103,1103,,1689061112.0795639
1104,1104,,1689061112.0995631
1105,1105,1480926.jpg,1689061112.1195855
1106,1106,,1689061112.1395855
1107,1107,,1689061112.1595807
1108,1108,,1689061112.1795785
1109,1109,,1689061112.1995873
1110,1110,1517039671.8039265.png,1689061112.218981
1111,1111,,1689061112.2389858
1112,1112,,1689061112.2589746
1113,1113,,1689061112.2792332
1114,1114,,1689061112.2995327
1115,1115,1920-1200-351843.jpg,1689061112.3190749
1116,1116,,1689061112.3390746
1117,1117,,1689061112.359075
1118,1118,,1689061112.3790789
1119,1119,,1689061112.399076
1120,1120,1920-1200-360818.jpg,1689061112.4192002
1121,1121,,1689061112.4392185
1122,1122,,1689061112.4592137
1123,1123,,1689061112.4792187
1124,1124,,1689061112.4992526
1125,1125,1920-1200-379572.png,1689061112.5193524
1126,1126,,1689061112.539587
1127,1127,,1689061112.558642
1128,1128,,1689061112.5786495
1129,1129,,1689061112.598644
1130,1130,1920-1200-555187.jpg,1689061112.61875
1131,1131,,1689061112.63876
1132,1132,,1689061112.658748
1133,1133,,1689061112.678755
1134,1134,,1689061112.6987584
1135,1135,1920-1200-606700.jpg,1689061112.7189066
1136,1136,,1689061112.7388213
1137,1137,,1689061112.758732
1138,1138,,1689061112.7787328
1139,1139,,1689061112.7987318
1140,1140,238803.jpg,1689061112.8189032
1141,1141,,1689061112.8389156
1142,1142,,1689061112.8591814
1143,1143,,1689061112.87918
1144,1144,,1689061112.8991795
1145,1145,310208.jpg,1689061112.9192116
1146,1146,,1689061112.939206
1147,1147,,1689061112.959198
1148,1148,,1689061112.979205
1149,1149,,1689061113.0002005
1150,1150,342360.jpg,1689061113.019353
1151,1151,,1689061113.0394757
1152,1152,,1689061113.0587661
1153,1153,,1689061113.0787663
1154,1154,,1689061113.0989125
1155,1155,345397.jpg,1689061113.1189451
1156,1156,,1689061113.13894
1157,1157,,1689061113.1589377
1158,1158,,1689061113.1793683
1159,1159,,1689061113.1993635
1160,1160,359089.jpg,1689061113.2193263
1161,1161,,1689061113.239326
1162,1162,,1689061113.2593195
1163,1163,,1689061113.2787976
1164,1164,,1689061113.2988048
1165,1165,376324.jpg,1689061113.318813
1166,1166,,1689061113.3388116
1167,1167,,1689061113.3590527
1168,1168,,1689061113.3790424
1169,1169,,1689061113.399051
1170,1170,379425.jpg,1689061113.4186337
1171,1171,,1689061113.438634
1172,1172,,1689061113.45863
1173,1173,,1689061113.4786336
1174,1174,,1689061113.4986334
1175,1175,382009.jpg,1689061113.5189295
1176,1176,,1689061113.5389297
1177,1177,,1689061113.5593703
1178,1178,,1689061113.5794358
1179,1179,,1689061113.5994277
1180,1180,445190.jpg,1689061113.6204278
1181,1181,,1689061113.6394346
1182,1182,,1689061113.6592019
1183,1183,,1689061113.6794746
1184,1184,,1689061113.6992996
1185,1185,456839.jpg,1689061113.7192996
1186,1186,,1689061113.7392995
1187,1187,,1689061113.759302
1188,1188,,1689061113.7793007
1189,1189,,1689061113.7992995
1190,1190,488612.jpg,1689061113.8193007
1191,1191,,1689061113.8393006
1192,1192,,1689061113.859295
1193,1193,,1689061113.879293
1194,1194,,1689061113.8993
1195,1195,112234.jpg,1689061113.919419
1196,1196,,1689061113.9394605
1197,1197,,1689061113.9594548
1198,1198,,1689061113.9794626
1199,1199,,1689061113.9994621
1200,1200,113602.jpg,1689061114.0195289
1201,1201,,1689061114.0395231
1202,1202,,1689061114.0595236
1203,1203,,1689061114.0795212
1204,1204,,1689061114.0995288
1205,1205,1480926.jpg,1689061114.1187685
1206,1206,,1689061114.1390908
1207,1207,,1689061114.1592605
1208,1208,,1689061114.1796436
1209,1209,,1689061114.1986609
1210,1210,1517039671.8039265.png,1689061114.2186859
1211,1211,,1689061114.2386856
1212,1212,,1689061114.2586913
1213,1213,,1689061114.278689
1214,1214,,1689061114.2986863
1215,1215,1920-1200-351843.jpg,1689061114.3188553
1216,1216,,1689061114.338856
1217,1217,,1689061114.3590252
1218,1218,,1689061114.379204
1219,1219,,1689061114.3992019
1220,1220,1920-1200-360818.jpg,1689061114.4191093
1221,1221,,1689061114.4393053
1222,1222,,1689061114.4593055
1223,1223,,1689061114.4793074
1224,1224,,1689061114.4993052
1225,1225,1920-1200-379572.png,1689061114.5193284
1226,1226,,1689061114.5393274
1227,1227,,1689061114.5592506
1228,1228,,1689061114.5792606
1229,1229,,1689061114.5992577
1230,1230,1920-1200-555187.jpg,1689061114.619003
1231,1231,,1689061114.6394327
1232,1232,,1689061114.6594334
1233,1233,,1689061114.6792908
1234,1234,,1689061114.6993654
1235,1235,1920-1200-606700.jpg,1689061114.7187865
1236,1236,,1689061114.7392962
1237,1237,,1689061114.759296
1238,1238,,1689061114.7792902
1239,1239,,1689061114.799622
1240,1240,238803.jpg,1689061114.819048
1241,1241,,1689061114.8390477
1242,1242,,1689061114.8590586
1243,1243,,1689061114.879041
1244,1244,,1689061114.8990476
1245,1245,310208.jpg,1689061114.9195507
1246,1246,,1689061114.9391825
1247,1247,,1689061114.9591827
1248,1248,,1689061114.9791768
1249,1249,,1689061114.9991872
1250,1250,342360.jpg,1689061115.018822
1251,1251,,1689061115.0388296
1252,1252,,1689061115.0588293
1253,1253,,1689061115.0788221
1254,1254,,1689061115.098822
1255,1255,345397.jpg,1689061115.118985
1256,1256,,1689061115.1390018
1257,1257,,1689061115.1590047
1258,1258,,1689061115.1790025
1259,1259,,1689061115.1990077
1260,1260,359089.jpg,1689061115.2190652
1261,1261,,1689061115.2390702
1262,1262,,1689061115.259069
1263,1263,,1689061115.2790642
1264,1264,,1689061115.301063
1265,1265,376324.jpg,1689061115.3190198
1266,1266,,1689061115.3390963
1267,1267,,1689061115.3590927
1268,1268,,1689061115.3790233
1269,1269,,1689061115.3990269
1270,1270,379425.jpg,1689061115.4191635
1271,1271,,1689061115.4391816
1272,1272,,1689061115.4591873
1273,1273,,1689061115.4791756
1274,1274,,1689061115.4991817
1275,1275,382009.jpg,1689061115.518927
1276,1276,,1689061115.5389214
1277,1277,,1689061115.5589268
1278,1278,,1689061115.57892
1279,1279,,1689061115.5991597
1280,1280,445190.jpg,1689061115.6195378
1281,1281,,1689061115.6395373
1282,1282,,1689061115.6595368
1283,1283,,1689061115.6795304
1284,1284,,1689061115.698785
1285,1285,456839.jpg,1689061115.7187853
1286,1286,,1689061115.7387843
1287,1287,,1689061115.758788
1288,1288,,1689061115.7787848
1289,1289,,1689061115.7987852
1290,1290,488612.jpg,1689061115.8192024
1291,1291,,1689061115.838684
1292,1292,,1689061115.8589756
1293,1293,,1689061115.8789687
1294,1294,,1689061115.8993726
1295,1295,112234.jpg,1689061115.919428
1296,1296,,1689061115.9394276
1297,1297,,1689061115.9594293
1298,1298,,1689061115.9792628
1299,1299,,1689061115.9992764
1300,1300,113602.jpg,1689061116.0190732
1301,1301,,1689061116.0390732
1302,1302,,1689061116.0590677
1303,1303,,1689061116.079069
1304,1304,,1689061116.0986722
1305,1305,1480926.jpg,1689061116.1193814
1306,1306,,1689061116.1395595
1307,1307,,1689061116.159486
1308,1308,,1689061116.1794791
1309,1309,,1689061116.1994858
1310,1310,1517039671.8039265.png,1689061116.2195199
1311,1311,,1689061116.2396052
1312,1312,,1689061116.2596045
1313,1313,,1689061116.2795997
1314,1314,,1689061116.298937
1315,1315,1920-1200-351843.jpg,1689061116.3189406
1316,1316,,1689061116.3393388
1317,1317,,1689061116.3597898
1318,1318,,1689061116.3787932
1319,1319,,1689061116.3988302
1320,1320,1920-1200-360818.jpg,1689061116.41883
1321,1321,,1689061116.4393318
1322,1322,,1689061116.4593315
1323,1323,,1689061116.4793246
1324,1324,,1689061116.4994197
1325,1325,1920-1200-379572.png,1689061116.5195992
1326,1326,,1689061116.5388942
1327,1327,,1689061116.558894
1328,1328,,1689061116.5788965
1329,1329,,1689061116.5988941
1330,1330,1920-1200-555187.jpg,1689061116.6189141
1331,1331,,1689061116.6389987
1332,1332,,1689061116.658993
1333,1333,,1689061116.679167
1334,1334,,1689061116.6991735
1335,1335,1920-1200-606700.jpg,1689061116.7191737
1336,1336,,1689061116.73924
1337,1337,,1689061116.7592385
1338,1338,,1689061116.7792664
1339,1339,,1689061116.7994616
1340,1340,238803.jpg,1689061116.8195453
1341,1341,,1689061116.8395462
1342,1342,,1689061116.859545
1343,1343,,1689061116.8789244
1344,1344,,1689061116.898924
1345,1345,310208.jpg,1689061116.9189236
1346,1346,,1689061116.9389236
1347,1347,,1689061116.9590487
1348,1348,,1689061116.9795444
1349,1349,,1689061116.999542
1350,1350,342360.jpg,1689061117.0187924
1351,1351,,1689061117.0387928
1352,1352,,1689061117.0587926
1353,1353,,1689061117.078794
1354,1354,,1689061117.0987928
1355,1355,345397.jpg,1689061117.118964
1356,1356,,1689061117.1389818
1357,1357,,1689061117.1589813
1358,1358,,1689061117.178976
1359,1359,,1689061117.1995847
1360,1360,359089.jpg,1689061117.2195845
1361,1361,,1689061117.2395842
1362,1362,,1689061117.2587793
1363,1363,,1689061117.2790167
1364,1364,,1689061117.2990139
1365,1365,376324.jpg,1689061117.3190136
1366,1366,,1689061117.3390143
1367,1367,,1689061117.359016
1368,1368,,1689061117.3790674
1369,1369,,1689061117.3990653
1370,1370,379425.jpg,1689061117.4190717
1371,1371,,1689061117.4392066
1372,1372,,1689061117.4592059
1373,1373,,1689061117.4792082
1374,1374,,1689061117.4992082
1375,1375,382009.jpg,1689061117.5192094
1376,1376,,1689061117.5392075
1377,1377,,1689061117.5596452
1378,1378,,1689061117.5791612
1379,1379,,1689061117.5991595
1380,1380,445190.jpg,1689061117.6194963
1381,1381,,1689061117.638737
1382,1382,,1689061117.6589813
1383,1383,,1689061117.678976
1384,1384,,1689061117.6989822
1385,1385,456839.jpg,1689061117.719003
1386,1386,,1689061117.7389944
1387,1387,,1689061117.759002
1388,1388,,1689061117.7793963
1389,1389,,1689061117.7993941
1390,1390,488612.jpg,1689061117.819129
1391,1391,,1689061117.8391294
1392,1392,,1689061117.8591287
1393,1393,,1689061117.8791237
1394,1394,,1689061117.8991227
1395,1395,112234.jpg,1689061117.9193122
1396,1396,,1689061117.9393928
1397,1397,,1689061117.9593248
1398,1398,,1689061117.9793167
1399,1399,,1689061117.9993172
1400,1400,113602.jpg,1689061118.0193238
1401,1401,,1689061118.0393245
1402,1402,,1689061118.0593956
1403,1403,,1689061118.078687
1404,1404,,1689061118.0996087
1405,1405,1480926.jpg,1689061118.11865
1406,1406,,1689061118.1388555
1407,1407,,1689061118.1588554
1408,1408,,1689061118.1792443
1409,1409,,1689061118.1988628
1410,1410,1517039671.8039265.png,1689061118.2188554
1411,1411,,1689061118.2388618
1412,1412,,1689061118.2592628
1413,1413,,1689061118.2792559
1414,1414,,1689061118.2992625
1415,1415,1920-1200-351843.jpg,1689061118.3215277
1416,1416,,1689061118.339031
1417,1417,,1689061118.35903
1418,1418,,1689061118.37903
1419,1419,,1689061118.399031
1420,1420,1920-1200-360818.jpg,1689061118.4210298
1421,1421,,1689061118.4390767
1422,1422,,1689061118.4590762
1423,1423,,1689061118.4793274
1424,1424,,1689061118.4990773
1425,1425,1920-1200-379572.png,1689061118.5189784
1426,1426,,1689061118.5389783
1427,1427,,1689061118.5590885
1428,1428,,1689061118.57927
1429,1429,,1689061118.599273
1430,1430,1920-1200-555187.jpg,1689061118.620268
1431,1431,,1689061118.6393135
1432,1432,,1689061118.659313
1433,1433,,1689061118.679313
1434,1434,,1689061118.698932
1435,1435,1920-1200-606700.jpg,1689061118.718644
1436,1436,,1689061118.7386508
1437,1437,,1689061118.7586496
1438,1438,,1689061118.7786427
1439,1439,,1689061118.7986438
1440,1440,238803.jpg,1689061118.8187876
1441,1441,,1689061118.8388064
1442,1442,,1689061118.8588
1443,1443,,1689061118.878811
1444,1444,,1689061118.8990126
1445,1445,310208.jpg,1689061118.9191966
1446,1446,,1689061118.9392068
1447,1447,,1689061118.9590733
1448,1448,,1689061118.9790726
1449,1449,,1689061118.999067
1450,1450,342360.jpg,1689061119.0190725
1451,1451,,1689061119.0390725
1452,1452,,1689061119.059297
1453,1453,,1689061119.079428
1454,1454,,1689061119.0994203
1455,1455,345397.jpg,1689061119.119571
1456,1456,,1689061119.1395924
1457,1457,,1689061119.1595826
1458,1458,,1689061119.17959
1459,1459,,1689061119.1995897
1460,1460,359089.jpg,1689061119.2195907
1461,1461,,1689061119.23871
1462,1462,,1689061119.25871
1463,1463,,1689061119.278796
1464,1464,,1689061119.29879
1465,1465,376324.jpg,1689061119.3195987
1466,1466,,1689061119.3395982
1467,1467,,1689061119.359138
1468,1468,,1689061119.3791595
1469,1469,,1689061119.3991554
1470,1470,379425.jpg,1689061119.4194686
1471,1471,,1689061119.439108
1472,1472,,1689061119.4591017
1473,1473,,1689061119.4791772
1474,1474,,1689061119.4994953
1475,1475,382009.jpg,1689061119.5196729
1476,1476,,1689061119.5386786
1477,1477,,1689061119.5589197
1478,1478,,1689061119.5789838
1479,1479,,1689061119.5991294
1480,1480,445190.jpg,1689061119.6192424
1481,1481,,1689061119.639237
1482,1482,,1689061119.6592367
1483,1483,,1689061119.6790068
1484,1484,,1689061119.6989276
1485,1485,456839.jpg,1689061119.719299
1486,1486,,1689061119.7393117
1487,1487,,1689061119.7593179
1488,1488,,1689061119.7793179
1489,1489,,1689061119.799314
1490,1490,488612.jpg,1689061119.8193407
1491,1491,,1689061119.839348
1492,1492,,1689061119.859348
1493,1493,,1689061119.879348
1494,1494,,1689061119.8993418
1495,1495,112234.jpg,1689061119.9194722
1496,1496,,1689061119.9393911
1497,1497,,1689061119.9593916
1498,1498,,1689061119.9794004
1499,1499,,1689061119.9993927
1500,1500,113602.jpg,1689061120.019399
1501,1501,,1689061120.0393987
1502,1502,,1689061120.0593996
1503,1503,,1689061120.0793986
1504,1504,,1689061120.0994039
1505,1505,1480926.jpg,1689061120.119398
1506,1506,,1689061120.1394024
1507,1507,,1689061120.1593983
1508,1508,,1689061120.1794684
1509,1509,,1689061120.1989002
1510,1510,1517039671.8039265.png,1689061120.218935
1511,1511,,1689061120.2389374
1512,1512,,1689061120.258935
1513,1513,,1689061120.2790275
1514,1514,,1689061120.2990284
1515,1515,1920-1200-351843.jpg,1689061120.319132
1516,1516,,1689061120.3391268
1517,1517,,1689061120.3591225
1518,1518,,1689061120.3791194
1519,1519,,1689061120.3991215
1520,1520,1920-1200-360818.jpg,1689061120.4191272
1521,1521,,1689061120.4391303
1522,1522,,1689061120.4591308
1523,1523,,1689061120.4791267
1524,1524,,1689061120.4991214
1525,1525,1920-1200-379572.png,1689061120.5191436
1526,1526,,1689061120.5391483
1527,1527,,1689061120.559148
1528,1528,,1689061120.5789213
1529,1529,,1689061120.5989215
1530,1530,1920-1200-555187.jpg,1689061120.6189313
1531,1531,,1689061120.6389234
1532,1532,,1689061120.6592362
1533,1533,,1689061120.6789281
1534,1534,,1689061120.6991043
1535,1535,1920-1200-606700.jpg,1689061120.7191029
1536,1536,,1689061120.739105
1537,1537,,1689061120.7591052
1538,1538,,1689061120.779018
1539,1539,,1689061120.799018
1540,1540,238803.jpg,1689061120.8187401
1541,1541,,1689061120.8387394
1542,1542,,1689061120.8587396
1543,1543,,1689061120.8787403
1544,1544,,1689061120.8987596
1545,1545,310208.jpg,1689061120.9187596
1546,1546,,1689061120.9387596
1547,1547,,1689061120.9587996
1548,1548,,1689061120.9788105
1549,1549,,1689061120.998814
1550,1550,342360.jpg,1689061121.0198846
1551,1551,,1689061121.0388918
1552,1552,,1689061121.05951
1553,1553,,1689061121.0795097
1554,1554,,1689061121.0995948
1555,1555,345397.jpg,1689061121.118636
1556,1556,,1689061121.1386302
1557,1557,,1689061121.15887
1558,1558,,1689061121.1789174
1559,1559,,1689061121.198919
1560,1560,359089.jpg,1689061121.2190957
1561,1561,,1689061121.2388258
1562,1562,,1689061121.258825
1563,1563,,1689061121.2788255
1564,1564,,1689061121.2992785
1565,1565,376324.jpg,1689061121.3192852
1566,1566,,1689061121.338647
1567,1567,,1689061121.3586423
1568,1568,,1689061121.379516
1569,1569,,1689061121.3995154
1570,1570,379425.jpg,1689061121.419623
1571,1571,,1689061121.4394968
1572,1572,,1689061121.4594965
1573,1573,,1689061121.4794965
1574,1574,,1689061121.4994977
1575,1575,382009.jpg,1689061121.519437
1576,1576,,1689061121.5394437
1577,1577,,1689061121.559443
1578,1578,,1689061121.5789595
1579,1579,,1689061121.5989597
1580,1580,445190.jpg,1689061121.6194258
1581,1581,,1689061121.6394348
1582,1582,,1689061121.6588106
1583,1583,,1689061121.6789732
1584,1584,,1689061121.6996202
1585,1585,456839.jpg,1689061121.7186773
1586,1586,,1689061121.73883
1587,1587,,1689061121.758829
1588,1588,,1689061121.7793763
1589,1589,,1689061121.7995443
1590,1590,488612.jpg,1689061121.8195493
1591,1591,,1689061121.839544
1592,1592,,1689061121.8588746
1593,1593,,1689061121.8788686
1594,1594,,1689061121.8994083
1595,1595,112234.jpg,1689061121.9195304
1596,1596,,1689061121.9395316
1597,1597,,1689061121.9595323
1598,1598,,1689061121.9795313
1599,1599,,1689061121.999215
1600,1600,113602.jpg,1689061122.0192199
1601,1601,,1689061122.0392196
1602,1602,,1689061122.0592203
1603,1603,,1689061122.0792205
1604,1604,,1689061122.099221
1605,1605,1480926.jpg,1689061122.1195338
1606,1606,,1689061122.1395326
1607,1607,,1689061122.1595259
1608,1608,,1689061122.1795335
1609,1609,,1689061122.1987627
1610,1610,1517039671.8039265.png,1689061122.2211308
1611,1611,,1689061122.2391381
1612,1612,,1689061122.2595055
1613,1613,,1689061122.2795002
1614,1614,,1689061122.2989693
1615,1615,1920-1200-351843.jpg,1689061122.318977
1616,1616,,1689061122.3389766
1617,1617,,1689061122.3589766
1618,1618,,1689061122.3787003
1619,1619,,1689061122.398695
1620,1620,1920-1200-360818.jpg,1689061122.4187362
1621,1621,,1689061122.4387317
1622,1622,,1689061122.4589186
1623,1623,,1689061122.4792109
1624,1624,,1689061122.4994237
1625,1625,1920-1200-379572.png,1689061122.519438
1626,1626,,1689061122.5394309
1627,1627,,1689061122.5594308
1628,1628,,1689061122.57956
1629,1629,,1689061122.5995746
1630,1630,1920-1200-555187.jpg,1689061122.6186519
1631,1631,,1689061122.6386583
1632,1632,,1689061122.6586576
1633,1633,,1689061122.678651
1634,1634,,1689061122.6986575
1635,1635,1920-1200-606700.jpg,1689061122.7193403
1636,1636,,1689061122.739337
1637,1637,,1689061122.7587237
1638,1638,,1689061122.7787354
1639,1639,,1689061122.7990282
1640,1640,238803.jpg,1689061122.8186522
1641,1641,,1689061122.838652
1642,1642,,1689061122.8586516
1643,1643,,1689061122.8786592
1644,1644,,1689061122.898659
1645,1645,310208.jpg,1689061122.9195259
1646,1646,,1689061122.939523
1647,1647,,1689061122.9595227
1648,1648,,1689061122.9795227
1649,1649,,1689061122.9995239
1650,1650,342360.jpg,1689061123.0187159
1651,1651,,1689061123.039261
1652,1652,,1689061123.059264
1653,1653,,1689061123.0792618
1654,1654,,1689061123.099261
1655,1655,345397.jpg,1689061123.1193833
1656,1656,,1689061123.1395996
1657,1657,,1689061123.1595979
1658,1658,,1689061123.1796038
1659,1659,,1689061123.1995974
1660,1660,359089.jpg,1689061123.2196045
1661,1661,,1689061123.2396038
1662,1662,,1689061123.2587366
1663,1663,,1689061123.278731
1664,1664,,1689061123.2987368
1665,1665,376324.jpg,1689061123.3188593
1666,1666,,1689061123.3388572
1667,1667,,1689061123.3590307
1668,1668,,1689061123.379045
1669,1669,,1689061123.3992608
1670,1670,379425.jpg,1689061123.419063
1671,1671,,1689061123.4390697
1672,1672,,1689061123.4590695
1673,1673,,1689061123.4790688
1674,1674,,1689061123.4990687
1675,1675,382009.jpg,1689061123.5190628
1676,1676,,1689061123.5395684
1677,1677,,1689061123.5595605
1678,1678,,1689061123.5795689
1679,1679,,1689061123.599568
1680,1680,445190.jpg,1689061123.618992
1681,1681,,1689061123.6389835
1682,1682,,1689061123.6586342
1683,1683,,1689061123.678644
1684,1684,,1689061123.6988728
1685,1685,456839.jpg,1689061123.7188668
1686,1686,,1689061123.7388747
1687,1687,,1689061123.7586524
1688,1688,,1689061123.7786517
1689,1689,,1689061123.7990606
1690,1690,488612.jpg,1689061123.8195114
1691,1691,,1689061123.839509
1692,1692,,1689061123.8590176
1693,1693,,1689061123.8790174
1694,1694,,1689061123.8990178
1695,1695,112234.jpg,1689061123.919018
1696,1696,,1689061123.939021
1697,1697,,1689061123.9590182
1698,1698,,1689061123.9795427
1699,1699,,1689061123.9995787
1700,1700,113602.jpg,1689061124.0215783
1701,1701,,1689061124.0395784
1702,1702,,1689061124.0595782
1703,1703,,1689061124.0795915
1704,1704,,1689061124.0995948
1705,1705,1480926.jpg,1689061124.119633
1706,1706,,1689061124.1386278
1707,1707,,1689061124.159627
1708,1708,,1689061124.1796215
1709,1709,,1689061124.1986272
1710,1710,1517039671.8039265.png,1689061124.218627
1711,1711,,1689061124.239628
1712,1712,,1689061124.259416
1713,1713,,1689061124.2794156
1714,1714,,1689061124.2993271
1715,1715,1920-1200-351843.jpg,1689061124.3193293
1716,1716,,1689061124.3393285
1717,1717,,1689061124.359328
1718,1718,,1689061124.3795004
1719,1719,,1689061124.4014945
1720,1720,1920-1200-360818.jpg,1689061124.4192314
1721,1721,,1689061124.4392297
1722,1722,,1689061124.4592373
1723,1723,,1689061124.4792325
1724,1724,,1689061124.499306
1725,1725,1920-1200-379572.png,1689061124.5192318
1726,1726,,1689061124.5392382
1727,1727,,1689061124.559233
1728,1728,,1689061124.5792375
1729,1729,,1689061124.599238
1730,1730,1920-1200-555187.jpg,1689061124.6192315
1731,1731,,1689061124.639244
1732,1732,,1689061124.6592371
1733,1733,,1689061124.6792297
1734,1734,,1689061124.699237
1735,1735,1920-1200-606700.jpg,1689061124.7212331
1736,1736,,1689061124.7392373
1737,1737,,1689061124.7592297
1738,1738,,1689061124.7792299
1739,1739,,1689061124.799231
1740,1740,238803.jpg,1689061124.8191757
1741,1741,,1689061124.8391821
1742,1742,,1689061124.8591814
1743,1743,,1689061124.8795607
1744,1744,,1689061124.899559
1745,1745,310208.jpg,1689061124.9189086
1746,1746,,1689061124.9389148
1747,1747,,1689061124.9592166
1748,1748,,1689061124.979403
1749,1749,,1689061124.999403
1750,1750,342360.jpg,1689061125.0209765
1751,1751,,1689061125.0389795
1752,1752,,1689061125.0589797
1753,1753,,1689061125.0789797
1754,1754,,1689061125.099102
1755,1755,345397.jpg,1689061125.1193144
1756,1756,,1689061125.139321
1757,1757,,1689061125.159314
1758,1758,,1689061125.179072
1759,1759,,1689061125.199583
1760,1760,359089.jpg,1689061125.2195842
1761,1761,,1689061125.2390893
1762,1762,,1689061125.259094
1763,1763,,1689061125.2789094
1764,1764,,1689061125.29896
1765,1765,376324.jpg,1689061125.3201067
1766,1766,,1689061125.3391159
1767,1767,,1689061125.359112
1768,1768,,1689061125.379112
1769,1769,,1689061125.3991127
1770,1770,379425.jpg,1689061125.4191146
1771,1771,,1689061125.4391124
1772,1772,,1689061125.4592693
1773,1773,,1689061125.4792697
1774,1774,,1689061125.4992704
1775,1775,382009.jpg,1689061125.5193253
1776,1776,,1689061125.539333
1777,1777,,1689061125.5593326
1778,1778,,1689061125.579335
1779,1779,,1689061125.5993328
1780,1780,445190.jpg,1689061125.6193252
1781,1781,,1689061125.6393251
1782,1782,,1689061125.6593332
1783,1783,,1689061125.6793323
1784,1784,,1689061125.699327
1785,1785,456839.jpg,1689061125.7193024
1786,1786,,1689061125.7393112
1787,1787,,1689061125.7593105
1788,1788,,1689061125.7793033
1789,1789,,1689061125.7993042
1790,1790,488612.jpg,1689061125.8193038
1791,1791,,1689061125.8393176
1792,1792,,1689061125.8593063
1793,1793,,1689061125.879377
1794,1794,,1689061125.8993099
1795,1795,112234.jpg,1689061125.9213412
1796,1796,,1689061125.9393287
1797,1797,,1689061125.959333
1798,1798,,1689061125.9793267
1799,1799,,1689061125.9993262
1800,1800,113602.jpg,1689061126.0196187
1801,1801,,1689061126.0396276
1802,1802,,1689061126.0596178
1803,1803,,1689061126.079619
1804,1804,,1689061126.0996237
1805,1805,1480926.jpg,1689061126.119052
1806,1806,,1689061126.1387455
1807,1807,,1689061126.158753
1808,1808,,1689061126.179052
1809,1809,,1689061126.1992905
1810,1810,1517039671.8039265.png,1689061126.2192843
1811,1811,,1689061126.2396083
1812,1812,,1689061126.2587318
1813,1813,,1689061126.279228
1814,1814,,1689061126.2992947
1815,1815,1920-1200-351843.jpg,1689061126.3195932
1816,1816,,1689061126.3389003
1817,1817,,1689061126.358884
1818,1818,,1689061126.379402
1819,1819,,1689061126.3994036
1820,1820,1920-1200-360818.jpg,1689061126.4195526
1821,1821,,1689061126.4390402
1822,1822,,1689061126.4590282
1823,1823,,1689061126.479029
1824,1824,,1689061126.4990277
1825,1825,1920-1200-379572.png,1689061126.5194085
1826,1826,,1689061126.539531
1827,1827,,1689061126.5586882
1828,1828,,1689061126.5786872
1829,1829,,1689061126.598681
1830,1830,1920-1200-555187.jpg,1689061126.619355
1831,1831,,1689061126.6393545
1832,1832,,1689061126.6593592
1833,1833,,1689061126.6793542
1834,1834,,1689061126.6993544
1835,1835,1920-1200-606700.jpg,1689061126.7194855
1836,1836,,1689061126.7389033
1837,1837,,1689061126.7589092
1838,1838,,1689061126.779201
1839,1839,,1689061126.7992008
1840,1840,238803.jpg,1689061126.8195133
1841,1841,,1689061126.8395195
1842,1842,,1689061126.8595197
1843,1843,,1689061126.8795195
1844,1844,,1689061126.8995123
1845,1845,310208.jpg,1689061126.9194584
1846,1846,,1689061126.9394653
1847,1847,,1689061126.9594576
1848,1848,,1689061126.979619
1849,1849,,1689061126.999619
1850,1850,342360.jpg,1689061127.0196123
1851,1851,,1689061127.0396268
1852,1852,,1689061127.0596128
1853,1853,,1689061127.0787864
1854,1854,,1689061127.098786
1855,1855,345397.jpg,1689061127.1195688
1856,1856,,1689061127.1395757
1857,1857,,1689061127.1595757
1858,1858,,1689061127.179575
1859,1859,,1689061127.1995714
1860,1860,359089.jpg,1689061127.2195685
1861,1861,,1689061127.2395067
1862,1862,,1689061127.259105
1863,1863,,1689061127.2788625
1864,1864,,1689061127.2988708
1865,1865,376324.jpg,1689061127.3188689
1866,1866,,1689061127.3388615
1867,1867,,1689061127.3595188
1868,1868,,1689061127.3795183
1869,1869,,1689061127.3995128
1870,1870,379425.jpg,1689061127.41954
1871,1871,,1689061127.4395344
1872,1872,,1689061127.4595327
1873,1873,,1689061127.4795399
1874,1874,,1689061127.4995406
1875,1875,382009.jpg,1689061127.5189476
1876,1876,,1689061127.5388706
1877,1877,,1689061127.558875
1878,1878,,1689061127.578929
1879,1879,,1689061127.5989437
1880,1880,445190.jpg,1689061127.6189437
1881,1881,,1689061127.638937
1882,1882,,1689061127.658948
1883,1883,,1689061127.6789446
1884,1884,,1689061127.6989434
1885,1885,456839.jpg,1689061127.7189436
1886,1886,,1689061127.7389376
1887,1887,,1689061127.7589364
1888,1888,,1689061127.7789445
1889,1889,,1689061127.7989435
1890,1890,488612.jpg,1689061127.819937
1891,1891,,1689061127.838938
1892,1892,,1689061127.85894
1893,1893,,1689061127.8791142
1894,1894,,1689061127.899233
1895,1895,112234.jpg,1689061127.9195018
1896,1896,,1689061127.9394953
1897,1897,,1689061127.9595017
1898,1898,,1689061127.9789422
1899,1899,,1689061127.9989424
1900,1900,113602.jpg,1689061128.0189416
1901,1901,,1689061128.0389435
1902,1902,,1689061128.058943
1903,1903,,1689061128.0789416
1904,1904,,1689061128.0989418
1905,1905,1480926.jpg,1689061128.1189418
1906,1906,,1689061128.1390662
1907,1907,,1689061128.1590645
1908,1908,,1689061128.1790638
1909,1909,,1689061128.1995196
1910,1910,1517039671.8039265.png,1689061128.2189891
1911,1911,,1689061128.238991
1912,1912,,1689061128.2591553
1913,1913,,1689061128.2795794
1914,1914,,1689061128.2995818
1915,1915,1920-1200-351843.jpg,1689061128.318768
1916,1916,,1689061128.3387804
1917,1917,,1689061128.358781
1918,1918,,1689061128.3787858
1919,1919,,1689061128.3987858
1920,1920,1920-1200-360818.jpg,1689061128.419783
1921,1921,,1689061128.438779
1922,1922,,1689061128.4587855
1923,1923,,1689061128.4787858
1924,1924,,1689061128.4987862
1925,1925,1920-1200-379572.png,1689061128.519063
1926,1926,,1689061128.5390756
1927,1927,,1689061128.5590575
1928,1928,,1689061128.5790555
1929,1929,,1689061128.599062
1930,1930,1920-1200-555187.jpg,1689061128.6196213
1931,1931,,1689061128.639616
1932,1932,,1689061128.6596215
1933,1933,,1689061128.6791077
1934,1934,,1689061128.6994565
1935,1935,1920-1200-606700.jpg,1689061128.719291
1936,1936,,1689061128.7393005
1937,1937,,1689061128.7592916
1938,1938,,1689061128.7792928
1939,1939,,1689061128.799291
1940,1940,238803.jpg,1689061128.8195126
1941,1941,,1689061128.8395066
1942,1942,,1689061128.859506
1943,1943,,1689061128.8795133
1944,1944,,1689061128.8995125
1945,1945,310208.jpg,1689061128.9195125
1946,1946,,1689061128.9395065
1947,1947,,1689061128.9595053
1948,1948,,1689061128.979505
1949,1949,,1689061128.999505
1950,1950,342360.jpg,1689061129.019513
1951,1951,,1689061129.0395086
1952,1952,,1689061129.0595126
1953,1953,,1689061129.079507
1954,1954,,1689061129.0995126
1955,1955,345397.jpg,1689061129.1195133
1956,1956,,1689061129.1395082
1957,1957,,1689061129.158902
1958,1958,,1689061129.1789124
1959,1959,,1689061129.1989121
1960,1960,359089.jpg,1689061129.219146
1961,1961,,1689061129.2391405
1962,1962,,1689061129.25915
1963,1963,,1689061129.279588
1964,1964,,1689061129.2995963
1965,1965,376324.jpg,1689061129.318702
1966,1966,,1689061129.338696
1967,1967,,1689061129.3591762
1968,1968,,1689061129.3790584
1969,1969,,1689061129.3993547
1970,1970,379425.jpg,1689061129.4226048
1971,1971,,1689061129.4396043
1972,1972,,1689061129.4590516
1973,1973,,1689061129.4790628
1974,1974,,1689061129.4990625
1975,1975,382009.jpg,1689061129.519062
1976,1976,,1689061129.5393472
1977,1977,,1689061129.5588434
1978,1978,,1689061129.578838
1979,1979,,1689061129.5988429
1980,1980,445190.jpg,1689061129.618843
1981,1981,,1689061129.6388383
1982,1982,,1689061129.6588433
1983,1983,,1689061129.6789043
1984,1984,,1689061129.6989043
1985,1985,456839.jpg,1689061129.718904
1986,1986,,1689061129.7389073
1987,1987,,1689061129.7594342
1988,1988,,1689061129.7794468
1989,1989,,1689061129.7994468
1990,1990,488612.jpg,1689061129.8194478
1991,1991,,1689061129.8387766
1992,1992,,1689061129.8587744
1993,1993,,1689061129.8787742
1994,1994,,1689061129.898774
1995,1995,112234.jpg,1689061129.919313
1996,1996,,1689061129.9393134
1997,1997,,1689061129.959312
1998,1998,,1689061129.979312
1999,1999,,1689061129.999312
2000,2000,113602.jpg,1689061130.0186434
2001,2001,,1689061130.039568
2002,2002,,1689061130.0595653
2003,2003,,1689061130.0796385
2004,2004,,1689061130.099572
2005,2005,1480926.jpg,1689061130.1195714
2006,2006,,1689061130.1395679
2007,2007,,1689061130.1595728
2008,2008,,1689061130.1795738
2009,2009,,1689061130.1995723
2010,2010,1517039671.8039265.png,1689061130.2225664
2011,2011,,1689061130.2393448
2012,2012,,1689061130.2593427
2013,2013,,1689061130.2793438
2014,2014,,1689061130.299344
2015,2015,1920-1200-351843.jpg,1689061130.3193495
2016,2016,,1689061130.3393447
2017,2017,,1689061130.3590088
2018,2018,,1689061130.3790102
2019,2019,,1689061130.3992205
2020,2020,1920-1200-360818.jpg,1689061130.4193525
2021,2021,,1689061130.4386296
2022,2022,,1689061130.458709
2023,2023,,1689061130.4792266
2024,2024,,1689061130.4989727
2025,2025,1920-1200-379572.png,1689061130.5209727
2026,2026,,1689061130.539049
2027,2027,,1689061130.558966
2028,2028,,1689061130.5789723
2029,2029,,1689061130.5989726
2030,2030,1920-1200-555187.jpg,1689061130.6191742
2031,2031,,1689061130.6392379
2032,2032,,1689061130.6592283
2033,2033,,1689061130.6793306
2034,2034,,1689061130.699502
2035,2035,1920-1200-606700.jpg,1689061130.7195005
2036,2036,,1689061130.7388515
2037,2037,,1689061130.7588515
2038,2038,,1689061130.7788527
2039,2039,,1689061130.7988508
2040,2040,238803.jpg,1689061130.819536
2041,2041,,1689061130.8395298
2042,2042,,1689061130.8594563
2043,2043,,1689061130.8794591
2044,2044,,1689061130.8994067
2045,2045,310208.jpg,1689061130.9193993
2046,2046,,1689061130.9386356
2047,2047,,1689061130.9588432
2048,2048,,1689061130.9788446
2049,2049,,1689061130.9988503
2050,2050,342360.jpg,1689061131.0188498
2051,2051,,1689061131.03885
2052,2052,,1689061131.058843
2053,2053,,1689061131.0788426
2054,2054,,1689061131.0988424
2055,2055,345397.jpg,1689061131.1189907
2056,2056,,1689061131.1393485
2057,2057,,1689061131.1593547
2058,2058,,1689061131.1788638
2059,2059,,1689061131.199626
2060,2060,359089.jpg,1689061131.2196248
2061,2061,,1689061131.239618
2062,2062,,1689061131.258971
2063,2063,,1689061131.27898
2064,2064,,1689061131.2989726
2065,2065,376324.jpg,1689061131.3189728
2066,2066,,1689061131.3392584
2067,2067,,1689061131.3592515
2068,2068,,1689061131.3792574
2069,2069,,1689061131.3992648
2070,2070,379425.jpg,1689061131.419344
2071,2071,,1689061131.4394786
2072,2072,,1689061131.4589188
2073,2073,,1689061131.4789226
2074,2074,,1689061131.498813
2075,2075,382009.jpg,1689061131.5193398
2076,2076,,1689061131.539399
2077,2077,,1689061131.5595949
2078,2078,,1689061131.5796022
2079,2079,,1689061131.5996022
2080,2080,445190.jpg,1689061131.6200638
2081,2081,,1689061131.639069
2082,2082,,1689061131.6590743
2083,2083,,1689061131.6791756
2084,2084,,1689061131.6991704
2085,2085,456839.jpg,1689061131.719206
2086,2086,,1689061131.7394478
2087,2087,,1689061131.758766
2088,2088,,1689061131.7787652
2089,2089,,1689061131.7987647
2090,2090,488612.jpg,1689061131.8187726
2091,2091,,1689061131.8387713
2092,2092,,1689061131.858766
2093,2093,,1689061131.8789895
2094,2094,,1689061131.8988533
2095,2095,112234.jpg,1689061131.9198542
2096,2096,,1689061131.9388478
2097,2097,,1689061131.9588468
2098,2098,,1689061131.9788463
2099,2099,,1689061131.9988463
2100,2100,113602.jpg,1689061132.0188541
2101,2101,,1689061132.0388541
2102,2102,,1689061132.0588489
2103,2103,,1689061132.078848
2104,2104,,1689061132.0988536
2105,2105,1480926.jpg,1689061132.119131
2106,2106,,1689061132.1391373
2107,2107,,1689061132.1594326
2108,2108,,1689061132.1793685
2109,2109,,1689061132.1993663
2110,2110,1517039671.8039265.png,1689061132.2193677
2111,2111,,1689061132.2393682
2112,2112,,1689061132.259093
2113,2113,,1689061132.2790985
2114,2114,,1689061132.2991033
2115,2115,1920-1200-351843.jpg,1689061132.319496
2116,2116,,1689061132.3394957
2117,2117,,1689061132.3595302
2118,2118,,1689061132.379538
2119,2119,,1689061132.3986375
2120,2120,1920-1200-360818.jpg,1689061132.418653
2121,2121,,1689061132.4386525
2122,2122,,1689061132.4590557
2123,2123,,1689061132.4790626
2124,2124,,1689061132.4990616
2125,2125,1920-1200-379572.png,1689061132.5189185
2126,2126,,1689061132.5389261
2127,2127,,1689061132.5589201
2128,2128,,1689061132.5794272
2129,2129,,1689061132.5994287
2130,2130,1920-1200-555187.jpg,1689061132.6194267
2131,2131,,1689061132.6394267
2132,2132,,1689061132.6594284
2133,2133,,1689061132.679433
2134,2134,,1689061132.699023
2135,2135,1920-1200-606700.jpg,1689061132.719023
2136,2136,,1689061132.7390237
2137,2137,,1689061132.7590244
2138,2138,,1689061132.7795012
2139,2139,,1689061132.799499
2140,2140,238803.jpg,1689061132.8187637
2141,2141,,1689061132.8387651
2142,2142,,1689061132.8587668
2143,2143,,1689061132.878772
2144,2144,,1689061132.8987713
2145,2145,310208.jpg,1689061132.9191408
2146,2146,,1689061132.938763
2147,2147,,1689061132.9587564
2148,2148,,1689061132.978757
2149,2149,,1689061132.9994817
2150,2150,342360.jpg,1689061133.019574
2151,2151,,1689061133.039574
2152,2152,,1689061133.0595677
2153,2153,,1689061133.0795743
2154,2154,,1689061133.0995746
2155,2155,345397.jpg,1689061133.1192515
2156,2156,,1689061133.1392574
2157,2157,,1689061133.159258
2158,2158,,1689061133.1792624
2159,2159,,1689061133.1992624
2160,2160,359089.jpg,1689061133.2202659
2161,2161,,1689061133.2389555
2162,2162,,1689061133.2589517
2163,2163,,1689061133.2789562
2164,2164,,1689061133.2989573
2165,2165,376324.jpg,1689061133.3188827
2166,2166,,1689061133.3388903
2167,2167,,1689061133.358886
2168,2168,,1689061133.3788831
2169,2169,,1689061133.3988829
2170,2170,379425.jpg,1689061133.4189537
2171,2171,,1689061133.4389539
2172,2172,,1689061133.4594104
2173,2173,,1689061133.4791658
2174,2174,,1689061133.4991653
2175,2175,382009.jpg,1689061133.5195942
2176,2176,,1689061133.5394971
2177,2177,,1689061133.5587215
2178,2178,,1689061133.5792158
2179,2179,,1689061133.5992162
2180,2180,445190.jpg,1689061133.6189153
2181,2181,,1689061133.6389077
2182,2182,,1689061133.6589077
2183,2183,,1689061133.6790764
2184,2184,,1689061133.6988294
2185,2185,456839.jpg,1689061133.7198336
2186,2186,,1689061133.7396195
2187,2187,,1689061133.7596183
2188,2188,,1689061133.7796168
2189,2189,,1689061133.7996223
2190,2190,488612.jpg,1689061133.8189876
2191,2191,,1689061133.8389876
2192,2192,,1689061133.8589878
2193,2193,,1689061133.8789878
2194,2194,,1689061133.8989801
2195,2195,112234.jpg,1689061133.9190538
2196,2196,,1689061133.9390528
2197,2197,,1689061133.9590538
2198,2198,,1689061133.979047
2199,2199,,1689061133.9991362
2200,2200,113602.jpg,1689061134.0195055
2201,2201,,1689061134.0395026
2202,2202,,1689061134.059499
2203,2203,,1689061134.079506
2204,2204,,1689061134.099506
2205,2205,1480926.jpg,1689061134.1194994
2206,2206,,1689061134.1388922
2207,2207,,1689061134.1588864
2208,2208,,1689061134.1788926
2209,2209,,1689061134.1988864
2210,2210,1517039671.8039265.png,1689061134.2188919
2211,2211,,1689061134.238885
2212,2212,,1689061134.2588859
2213,2213,,1689061134.2788882
2214,2214,,1689061134.298893
2215,2215,1920-1200-351843.jpg,1689061134.3193462
2216,2216,,1689061134.339346
2217,2217,,1689061134.359342
2218,2218,,1689061134.3793392
2219,2219,,1689061134.3993397
2220,2220,1920-1200-360818.jpg,1689061134.4193416
2221,2221,,1689061134.4393492
2222,2222,,1689061134.4593434
2223,2223,,1689061134.4793396
2224,2224,,1689061134.49934
2225,2225,1920-1200-379572.png,1689061134.5193398
2226,2226,,1689061134.5393398
2227,2227,,1689061134.5593398
2228,2228,,1689061134.5793462
2229,2229,,1689061134.599346
2230,2230,1920-1200-555187.jpg,1689061134.619346
2231,2231,,1689061134.639346
2232,2232,,1689061134.6593418
2233,2233,,1689061134.6793394
2234,2234,,1689061134.698913
2235,2235,1920-1200-606700.jpg,1689061134.7186408
2236,2236,,1689061134.7386475
2237,2237,,1689061134.7586493
2238,2238,,1689061134.7786407
2239,2239,,1689061134.7986467
2240,2240,238803.jpg,1689061134.8187125
2241,2241,,1689061134.8387127
2242,2242,,1689061134.8587046
2243,2243,,1689061134.8793933
2244,2244,,1689061134.8993924
2245,2245,310208.jpg,1689061134.9195352
2246,2246,,1689061134.9395537
2247,2247,,1689061134.9595482
2248,2248,,1689061134.9795475
2249,2249,,1689061134.9995463
2250,2250,342360.jpg,1689061135.0195534
2251,2251,,1689061135.0395467
2252,2252,,1689061135.0595474
2253,2253,,1689061135.0795548
2254,2254,,1689061135.099562
2255,2255,345397.jpg,1689061135.1191707
2256,2256,,1689061135.1389542
2257,2257,,1689061135.1592638
2258,2258,,1689061135.1792576
2259,2259,,1689061135.1992574
2260,2260,359089.jpg,1689061135.2187648
2261,2261,,1689061135.2387648
2262,2262,,1689061135.259613
2263,2263,,1689061135.278955
2264,2264,,1689061135.298962
2265,2265,376324.jpg,1689061135.318691
2266,2266,,1689061135.3386908
2267,2267,,1689061135.3586905
2268,2268,,1689061135.378693
2269,2269,,1689061135.3994048
2270,2270,379425.jpg,1689061135.4193938
2271,2271,,1689061135.439452
2272,2272,,1689061135.4594514
2273,2273,,1689061135.4794445
2274,2274,,1689061135.499452
2275,2275,382009.jpg,1689061135.518833
2276,2276,,1689061135.5388331
2277,2277,,1689061135.5589716
2278,2278,,1689061135.5789762
2279,2279,,1689061135.5989819
2280,2280,445190.jpg,1689061135.6189816
2281,2281,,1689061135.639259
2282,2282,,1689061135.6589875
2283,2283,,1689061135.6789908
2284,2284,,1689061135.6989877
2285,2285,456839.jpg,1689061135.7190177
2286,2286,,1689061135.7390172
2287,2287,,1689061135.759259
2288,2288,,1689061135.7792525
2289,2289,,1689061135.7992618
2290,2290,488612.jpg,1689061135.8190682
2291,2291,,1689061135.8390627
2292,2292,,1689061135.8590686
2293,2293,,1689061135.8790686
2294,2294,,1689061135.8990679
2295,2295,112234.jpg,1689061135.9196882
2296,2296,,1689061135.9392054
2297,2297,,1689061135.959205
2298,2298,,1689061135.9791994
2299,2299,,1689061135.999123
2300,2300,113602.jpg,1689061136.018812
2301,2301,,1689061136.0388122
2302,2302,,1689061136.0588114
2303,2303,,1689061136.0790453
2304,2304,,1689061136.0990434
2305,2305,1480926.jpg,1689061136.1189883
2306,2306,,1689061136.1390488
2307,2307,,1689061136.159012
2308,2308,,1689061136.179612
2309,2309,,1689061136.1988966
2310,2310,1517039671.8039265.png,1689061136.2220082
2311,2311,,1689061136.2390656
2312,2312,,1689061136.2590582
2313,2313,,1689061136.2795358
2314,2314,,1689061136.299542
2315,2315,1920-1200-351843.jpg,1689061136.3195822
2316,2316,,1689061136.3386369
2317,2317,,1689061136.3593514
2318,2318,,1689061136.3793566
2319,2319,,1689061136.3993487
2320,2320,1920-1200-360818.jpg,1689061136.4188044
2321,2321,,1689061136.4388468
2322,2322,,1689061136.4587934
2323,2323,,1689061136.4790213
2324,2324,,1689061136.4990273
2325,2325,1920-1200-379572.png,1689061136.5193527
2326,2326,,1689061136.5386536
2327,2327,,1689061136.5587568
2328,2328,,1689061136.5789154
2329,2329,,1689061136.5995405
2330,2330,1920-1200-555187.jpg,1689061136.6195483
2331,2331,,1689061136.639547
2332,2332,,1689061136.659541
2333,2333,,1689061136.6795447
2334,2334,,1689061136.6995487
2335,2335,1920-1200-606700.jpg,1689061136.719547
2336,2336,,1689061136.7389805
2337,2337,,1689061136.758913
2338,2338,,1689061136.7789857
2339,2339,,1689061136.7989814
2340,2340,238803.jpg,1689061136.8186462
2341,2341,,1689061136.8395731
2342,2342,,1689061136.8595726
2343,2343,,1689061136.8792682
2344,2344,,1689061136.8992677
2345,2345,310208.jpg,1689061136.9192715
2346,2346,,1689061136.9392707
2347,2347,,1689061136.9592714
2348,2348,,1689061136.9786677
2349,2349,,1689061136.9986665
2350,2350,342360.jpg,1689061137.018667
2351,2351,,1689061137.038945
2352,2352,,1689061137.0589464
2353,2353,,1689061137.0789945
2354,2354,,1689061137.0989926
2355,2355,345397.jpg,1689061137.118887
2356,2356,,1689061137.1389656
2357,2357,,1689061137.158965
2358,2358,,1689061137.179288
2359,2359,,1689061137.198838
2360,2360,359089.jpg,1689061137.2188814
2361,2361,,1689061137.2388759
2362,2362,,1689061137.2588758
2363,2363,,1689061137.2789097
2364,2364,,1689061137.2992053
2365,2365,376324.jpg,1689061137.3192384
2366,2366,,1689061137.3392408
2367,2367,,1689061137.3592467
2368,2368,,1689061137.3792408
2369,2369,,1689061137.3992467
2370,2370,379425.jpg,1689061137.4212985
2371,2371,,1689061137.4392989
2372,2372,,1689061137.4592981
2373,2373,,1689061137.4792933
2374,2374,,1689061137.4993026
2375,2375,382009.jpg,1689061137.5193646
2376,2376,,1689061137.5393617
2377,2377,,1689061137.5591037
2378,2378,,1689061137.578878
2379,2379,,1689061137.5989473
2380,2380,445190.jpg,1689061137.6189466
2381,2381,,1689061137.6389525
2382,2382,,1689061137.6589468
2383,2383,,1689061137.6789477
2384,2384,,1689061137.6989477
2385,2385,456839.jpg,1689061137.7191327
2386,2386,,1689061137.7391524
2387,2387,,1689061137.7595782
2388,2388,,1689061137.7790637
2389,2389,,1689061137.7990563
2390,2390,488612.jpg,1689061137.819139
2391,2391,,1689061137.8391232
2392,2392,,1689061137.8596168
2393,2393,,1689061137.87961
2394,2394,,1689061137.898731
2395,2395,112234.jpg,1689061137.9187493
2396,2396,,1689061137.9388442
2397,2397,,1689061137.9588404
2398,2398,,1689061137.9788294
2399,2399,,1689061137.9988372
2400,2400,113602.jpg,1689061138.0194502
2401,2401,,1689061138.0394964
2402,2402,,1689061138.059502
2403,2403,,1689061138.079508
2404,2404,,1689061138.0995026
2405,2405,1480926.jpg,1689061138.119262
2406,2406,,1689061138.1389923
2407,2407,,1689061138.1589868
2408,2408,,1689061138.1790645
2409,2409,,1689061138.1989932
2410,2410,1517039671.8039265.png,1689061138.2188637
2411,2411,,1689061138.2388644
2412,2412,,1689061138.2588642
2413,2413,,1689061138.2788582
2414,2414,,1689061138.2988572
2415,2415,1920-1200-351843.jpg,1689061138.3188152
2416,2416,,1689061138.338815
2417,2417,,1689061138.3588157
2418,2418,,1689061138.3788154
2419,2419,,1689061138.3988173
2420,2420,1920-1200-360818.jpg,1689061138.4190013
2421,2421,,1689061138.4390197
2422,2422,,1689061138.4593441
2423,2423,,1689061138.4793522
2424,2424,,1689061138.4993765
2425,2425,1920-1200-379572.png,1689061138.5193808
2426,2426,,1689061138.5386891
2427,2427,,1689061138.5586927
2428,2428,,1689061138.5786881
2429,2429,,1689061138.598689
2430,2430,1920-1200-555187.jpg,1689061138.6191623
2431,2431,,1689061138.6391497
2432,2432,,1689061138.6591547
2433,2433,,1689061138.6791492
2434,2434,,1689061138.699155
2435,2435,1920-1200-606700.jpg,1689061138.7191546
2436,2436,,1689061138.738854
2437,2437,,1689061138.758848
2438,2438,,1689061138.7789161
2439,2439,,1689061138.7995856
2440,2440,238803.jpg,1689061138.818782
2441,2441,,1689061138.838776
2442,2442,,1689061138.858775
2443,2443,,1689061138.8787751
2444,2444,,1689061138.898775
2445,2445,310208.jpg,1689061138.9187825
2446,2446,,1689061138.9387832
2447,2447,,1689061138.958783
2448,2448,,1689061138.9787772
2449,2449,,1689061138.9988558
2450,2450,342360.jpg,1689061139.018808
2451,2451,,1689061139.0388095
2452,2452,,1689061139.0588021
2453,2453,,1689061139.078812
2454,2454,,1689061139.098801
2455,2455,345397.jpg,1689061139.118954
2456,2456,,1689061139.138962
2457,2457,,1689061139.1595657
2458,2458,,1689061139.1795566
2459,2459,,1689061139.1995559
2460,2460,359089.jpg,1689061139.221072
2461,2461,,1689061139.2392435
2462,2462,,1689061139.2592394
2463,2463,,1689061139.2787433
2464,2464,,1689061139.29875
2465,2465,376324.jpg,1689061139.3193955
2466,2466,,1689061139.3394024
2467,2467,,1689061139.3594027
2468,2468,,1689061139.3794048
2469,2469,,1689061139.3994024
2470,2470,379425.jpg,1689061139.4194036
2471,2471,,1689061139.4394023
2472,2472,,1689061139.459403
2473,2473,,1689061139.478824
2474,2474,,1689061139.4988174
2475,2475,382009.jpg,1689061139.5188541
2476,2476,,1689061139.5388522
2477,2477,,1689061139.5588403
2478,2478,,1689061139.5788403
2479,2479,,1689061139.5988421
2480,2480,445190.jpg,1689061139.618884
2481,2481,,1689061139.6386867
2482,2482,,1689061139.6586857
2483,2483,,1689061139.678686
2484,2484,,1689061139.6986876
2485,2485,456839.jpg,1689061139.7190402
2486,2486,,1689061139.7390418
2487,2487,,1689061139.7590477
2488,2488,,1689061139.7790477
2489,2489,,1689061139.7990406
2490,2490,488612.jpg,1689061139.819049
2491,2491,,1689061139.8390496
2492,2492,,1689061139.8590481
2493,2493,,1689061139.8790476
2494,2494,,1689061139.8988442
2495,2495,112234.jpg,1689061139.9193792
2496,2496,,1689061139.9393747
2497,2497,,1689061139.9593747
2498,2498,,1689061139.979375
2499,2499,,1689061139.9993691
2500,2500,113602.jpg,1689061140.0193777
2501,2501,,1689061140.0393722
2502,2502,,1689061140.0593798
2503,2503,,1689061140.0793767
2504,2504,,1689061140.0993688
2505,2505,1480926.jpg,1689061140.1195755
2506,2506,,1689061140.1395776
2507,2507,,1689061140.1595783
2508,2508,,1689061140.1795776
2509,2509,,1689061140.1995716
2510,2510,1517039671.8039265.png,1689061140.219717
2511,2511,,1689061140.2387378
2512,2512,,1689061140.2587373
2513,2513,,1689061140.278732
2514,2514,,1689061140.2987325
2515,2515,1920-1200-351843.jpg,1689061140.3187299
2516,2516,,1689061140.3387377
2517,2517,,1689061140.3593454
2518,2518,,1689061140.3788385
2519,2519,,1689061140.3988466
2520,2520,1920-1200-360818.jpg,1689061140.418846
2521,2521,,1689061140.4388478
2522,2522,,1689061140.4588482
2523,2523,,1689061140.4788551
2524,2524,,1689061140.4988463
2525,2525,1920-1200-379572.png,1689061140.5194302
2526,2526,,1689061140.5394378
2527,2527,,1689061140.5594301
2528,2528,,1689061140.579432
2529,2529,,1689061140.5994458
2530,2530,1920-1200-555187.jpg,1689061140.6194375
2531,2531,,1689061140.6394386
2532,2532,,1689061140.6594315
2533,2533,,1689061140.6794884
2534,2534,,1689061140.6994824
2535,2535,1920-1200-606700.jpg,1689061140.718648
2536,2536,,1689061140.7386513
2537,2537,,1689061140.758894
2538,2538,,1689061140.7788916
2539,2539,,1689061140.7988858
2540,2540,238803.jpg,1689061140.8188806
2541,2541,,1689061140.8388937
2542,2542,,1689061140.858901
2543,2543,,1689061140.8789008
2544,2544,,1689061140.8992765
2545,2545,310208.jpg,1689061140.9191947
2546,2546,,1689061140.93936
2547,2547,,1689061140.9596252
2548,2548,,1689061140.978629
2549,2549,,1689061140.9996257
2550,2550,342360.jpg,1689061141.0196202
2551,2551,,1689061141.0396254
2552,2552,,1689061141.0586271
2553,2553,,1689061141.0796254
2554,2554,,1689061141.0996199
2555,2555,345397.jpg,1689061141.1190507
2556,2556,,1689061141.1390502
2557,2557,,1689061141.1590502
2558,2558,,1689061141.1790507
2559,2559,,1689061141.1990514
2560,2560,359089.jpg,1689061141.2190504
2561,2561,,1689061141.239051
2562,2562,,1689061141.2590516
2563,2563,,1689061141.279052
2564,2564,,1689061141.2990456
2565,2565,376324.jpg,1689061141.3190453
2566,2566,,1689061141.3390443
2567,2567,,1689061141.359051
2568,2568,,1689061141.379051
2569,2569,,1689061141.399051
2570,2570,379425.jpg,1689061141.4192865
2571,2571,,1689061141.4393694
2572,2572,,1689061141.4592907
2573,2573,,1689061141.479372
2574,2574,,1689061141.499291
2575,2575,382009.jpg,1689061141.5193565
2576,2576,,1689061141.5393443
2577,2577,,1689061141.5593514
2578,2578,,1689061141.579344
2579,2579,,1689061141.599345
2580,2580,445190.jpg,1689061141.618644
2581,2581,,1689061141.6386433
2582,2582,,1689061141.6586437
2583,2583,,1689061141.6786442
2584,2584,,1689061141.6986449
2585,2585,456839.jpg,1689061141.7188125
2586,2586,,1689061141.7388186
2587,2587,,1689061141.7589023
2588,2588,,1689061141.7789805
2589,2589,,1689061141.7989826
2590,2590,488612.jpg,1689061141.8189812
2591,2591,,1689061141.8389807
2592,2592,,1689061141.858981
2593,2593,,1689061141.8793724
2594,2594,,1689061141.8990123
2595,2595,112234.jpg,1689061141.9190423
2596,2596,,1689061141.9389741
2597,2597,,1689061141.9589744
2598,2598,,1689061141.9789736
2599,2599,,1689061141.9987066
2600,2600,113602.jpg,1689061142.0192215
2601,2601,,1689061142.0394027
2602,2602,,1689061142.0593982
2603,2603,,1689061142.0793989
2604,2604,,1689061142.0993984
2605,2605,1480926.jpg,1689061142.1194673
2606,2606,,1689061142.139467
2607,2607,,1689061142.1594603
2608,2608,,1689061142.1794627
2609,2609,,1689061142.199462
2610,2610,1517039671.8039265.png,1689061142.218855
2611,2611,,1689061142.238862
2612,2612,,1689061142.258858
2613,2613,,1689061142.2788713
2614,2614,,1689061142.298855
2615,2615,1920-1200-351843.jpg,1689061142.3188627
2616,2616,,1689061142.3388624
2617,2617,,1689061142.3588626
2618,2618,,1689061142.378856
2619,2619,,1689061142.3986294
2620,2620,1920-1200-360818.jpg,1689061142.4189873
2621,2621,,1689061142.4389946
2622,2622,,1689061142.4589937
2623,2623,,1689061142.4789958
2624,2624,,1689061142.4989893
2625,2625,1920-1200-379572.png,1689061142.518994
2626,2626,,1689061142.5391843
2627,2627,,1689061142.5589952
2628,2628,,1689061142.5790758
2629,2629,,1689061142.5990705
2630,2630,1920-1200-555187.jpg,1689061142.6196268
2631,2631,,1689061142.6386757
2632,2632,,1689061142.658678
2633,2633,,1689061142.6791186
2634,2634,,1689061142.6991131
2635,2635,1920-1200-606700.jpg,1689061142.7192688
2636,2636,,1689061142.7393787
2637,2637,,1689061142.7593784
2638,2638,,1689061142.7793813
2639,2639,,1689061142.798806
2640,2640,238803.jpg,1689061142.8186982
2641,2641,,1689061142.8386278
2642,2642,,1689061142.8586311
2643,2643,,1689061142.8786283
2644,2644,,1689061142.8986502
2645,2645,310208.jpg,1689061142.9195695
2646,2646,,1689061142.9395692
2647,2647,,1689061142.959577
2648,2648,,1689061142.9795766
2649,2649,,1689061142.9995792
2650,2650,342360.jpg,1689061143.0189853
2651,2651,,1689061143.0389774
2652,2652,,1689061143.0589855
2653,2653,,1689061143.0789845
2654,2654,,1689061143.0989962
2655,2655,345397.jpg,1689061143.119472
2656,2656,,1689061143.1394708
2657,2657,,1689061143.1594708
2658,2658,,1689061143.1794708
2659,2659,,1689061143.1994638
2660,2660,359089.jpg,1689061143.219451
2661,2661,,1689061143.2393723
2662,2662,,1689061143.2594814
2663,2663,,1689061143.279481
2664,2664,,1689061143.299484
2665,2665,376324.jpg,1689061143.3187392
2666,2666,,1689061143.3387327
2667,2667,,1689061143.3591099
2668,2668,,1689061143.3793914
2669,2669,,1689061143.3990743
2670,2670,379425.jpg,1689061143.419213
2671,2671,,1689061143.4392211
2672,2672,,1689061143.459614
2673,2673,,1689061143.4795995
2674,2674,,1689061143.4987872
2675,2675,382009.jpg,1689061143.518793
2676,2676,,1689061143.5388288
2677,2677,,1689061143.5588288
2678,2678,,1689061143.5788214
2679,2679,,1689061143.5988288
2680,2680,445190.jpg,1689061143.6188643
2681,2681,,1689061143.6388628
2682,2682,,1689061143.658855
2683,2683,,1689061143.678862
2684,2684,,1689061143.698855
2685,2685,456839.jpg,1689061143.7194352
2686,2686,,1689061143.7393312
2687,2687,,1689061143.7586284
2688,2688,,1689061143.7786286
2689,2689,,1689061143.7988632
2690,2690,488612.jpg,1689061143.819217
2691,2691,,1689061143.8392081
2692,2692,,1689061143.859208
2693,2693,,1689061143.8795588
2694,2694,,1689061143.898986
2695,2695,112234.jpg,1689061143.9200485
2696,2696,,1689061143.9390402
2697,2697,,1689061143.9590394
2698,2698,,1689061143.9790459
2699,2699,,1689061143.9990451
2700,2700,113602.jpg,1689061144.0200415
2701,2701,,1689061144.0390449
2702,2702,,1689061144.0590503
2703,2703,,1689061144.0790374
2704,2704,,1689061144.0990446
2705,2705,1480926.jpg,1689061144.119047
2706,2706,,1689061144.1390493
2707,2707,,1689061144.1590493
2708,2708,,1689061144.179045
2709,2709,,1689061144.199045
2710,2710,1517039671.8039265.png,1689061144.219107
2711,2711,,1689061144.239117
2712,2712,,1689061144.2591133
2713,2713,,1689061144.279114
2714,2714,,1689061144.2988198
2715,2715,1920-1200-351843.jpg,1689061144.3188496
2716,2716,,1689061144.3395793
2717,2717,,1689061144.3586571
2718,2718,,1689061144.3787336
2719,2719,,1689061144.3995998
2720,2720,1920-1200-360818.jpg,1689061144.4191334
2721,2721,,1689061144.4391396
2722,2722,,1689061144.4591382
2723,2723,,1689061144.4791455
2724,2724,,1689061144.4991446
2725,2725,1920-1200-379572.png,1689061144.519139
2726,2726,,1689061144.539229
2727,2727,,1689061144.5595257
2728,2728,,1689061144.5795248
2729,2729,,1689061144.599036
2730,2730,1920-1200-555187.jpg,1689061144.6187637
2731,2731,,1689061144.63877
2732,2732,,1689061144.6587694
2733,2733,,1689061144.6787698
2734,2734,,1689061144.698905
2735,2735,1920-1200-606700.jpg,1689061144.7187858
2736,2736,,1689061144.7389004
2737,2737,,1689061144.759376
2738,2738,,1689061144.7793772
2739,2739,,1689061144.7993686
2740,2740,238803.jpg,1689061144.8213787
2741,2741,,1689061144.839377
2742,2742,,1689061144.8593774
2743,2743,,1689061144.8793688
2744,2744,,1689061144.8987994
2745,2745,310208.jpg,1689061144.919116
2746,2746,,1689061144.9391024
2747,2747,,1689061144.9593592
2748,2748,,1689061144.9793594
2749,2749,,1689061144.9995425
2750,2750,342360.jpg,1689061145.018755
2751,2751,,1689061145.0387633
2752,2752,,1689061145.0590143
2753,2753,,1689061145.0790062
2754,2754,,1689061145.099015
2755,2755,345397.jpg,1689061145.1200082
2756,2756,,1689061145.1390145
2757,2757,,1689061145.159014
2758,2758,,1689061145.178659
2759,2759,,1689061145.1986654
2760,2760,359089.jpg,1689061145.2186854
2761,2761,,1689061145.238692
2762,2762,,1689061145.2586918
2763,2763,,1689061145.2793148
2764,2764,,1689061145.2993257
2765,2765,376324.jpg,1689061145.3188612
2766,2766,,1689061145.3388608
2767,2767,,1689061145.358927
2768,2768,,1689061145.3789368
2769,2769,,1689061145.3989263
2770,2770,379425.jpg,1689061145.4189274
2771,2771,,1689061145.4389272
2772,2772,,1689061145.4589272
2773,2773,,1689061145.4791365
2774,2774,,1689061145.499129
2775,2775,382009.jpg,1689061145.5196085
2776,2776,,1689061145.5395944
2777,2777,,1689061145.559602
2778,2778,,1689061145.5795968
2779,2779,,1689061145.5986817
2780,2780,445190.jpg,1689061145.6186802
2781,2781,,1689061145.6386788
2782,2782,,1689061145.6586816
2783,2783,,1689061145.6787546
2784,2784,,1689061145.6987545
2785,2785,456839.jpg,1689061145.7186782
2786,2786,,1689061145.7386806
2787,2787,,1689061145.758686
2788,2788,,1689061145.7786791
2789,2789,,1689061145.7986858
2790,2790,488612.jpg,1689061145.818968
2791,2791,,1689061145.8389654
2792,2792,,1689061145.8590467
2793,2793,,1689061145.8790421
2794,2794,,1689061145.899058
2795,2795,112234.jpg,1689061145.9190905
2796,2796,,1689061145.9394753
2797,2797,,1689061145.9594681
2798,2798,,1689061145.9790998
2799,2799,,1689061145.9991
2800,2800,113602.jpg,1689061146.0188098
2801,2801,,1689061146.0388024
2802,2802,,1689061146.0589716
2803,2803,,1689061146.0789711
2804,2804,,1689061146.0987902
2805,2805,1480926.jpg,1689061146.1194785
2806,2806,,1689061146.1394851
2807,2807,,1689061146.159485
2808,2808,,1689061146.179595
2809,2809,,1689061146.1988106
2810,2810,1517039671.8039265.png,1689061146.2186615
2811,2811,,1689061146.2388177
2812,2812,,1689061146.2588174
2813,2813,,1689061146.2788181
2814,2814,,1689061146.2988186
2815,2815,1920-1200-351843.jpg,1689061146.3189492
2816,2816,,1689061146.3389637
2817,2817,,1689061146.3591847
2818,2818,,1689061146.3791845
2819,2819,,1689061146.39866
2820,2820,1920-1200-360818.jpg,1689061146.418682
2821,2821,,1689061146.4386902
2822,2822,,1689061146.4586878
2823,2823,,1689061146.4789438
2824,2824,,1689061146.4989443
2825,2825,1920-1200-379572.png,1689061146.5189385
2826,2826,,1689061146.538939
2827,2827,,1689061146.55895
2828,2828,,1689061146.5789444
2829,2829,,1689061146.598944
2830,2830,1920-1200-555187.jpg,1689061146.6189392
2831,2831,,1689061146.6391377
2832,2832,,1689061146.6591375
2833,2833,,1689061146.6791377
2834,2834,,1689061146.7001345
2835,2835,1920-1200-606700.jpg,1689061146.7195463
2836,2836,,1689061146.7395453
2837,2837,,1689061146.759547
2838,2838,,1689061146.779553
2839,2839,,1689061146.7995453
2840,2840,238803.jpg,1689061146.8195453
2841,2841,,1689061146.8398674
2842,2842,,1689061146.8589704
2843,2843,,1689061146.8792624
2844,2844,,1689061146.8992622
2845,2845,310208.jpg,1689061146.9194846
2846,2846,,1689061146.939492
2847,2847,,1689061146.9594913
2848,2848,,1689061146.9794912
2849,2849,,1689061146.9994917
2850,2850,342360.jpg,1689061147.0195742
2851,2851,,1689061147.039579
2852,2852,,1689061147.059579
2853,2853,,1689061147.0789425
2854,2854,,1689061147.0989428
2855,2855,345397.jpg,1689061147.1189423
2856,2856,,1689061147.1389437
2857,2857,,1689061147.1589422
2858,2858,,1689061147.1789427
2859,2859,,1689061147.1989427
2860,2860,359089.jpg,1689061147.2194285
2861,2861,,1689061147.2394314
2862,2862,,1689061147.2595701
2863,2863,,1689061147.2795758
2864,2864,,1689061147.2995698
2865,2865,376324.jpg,1689061147.319087
2866,2866,,1689061147.3390899
2867,2867,,1689061147.3590877
2868,2868,,1689061147.3790884
2869,2869,,1689061147.399095
2870,2870,379425.jpg,1689061147.4190948
2871,2871,,1689061147.439097
2872,2872,,1689061147.4590886
2873,2873,,1689061147.4790978
2874,2874,,1689061147.4991643
2875,2875,382009.jpg,1689061147.5190868
2876,2876,,1689061147.5390887
2877,2877,,1689061147.5590878
2878,2878,,1689061147.57909
2879,2879,,1689061147.5990946
2880,2880,445190.jpg,1689061147.620099
2881,2881,,1689061147.6390886
2882,2882,,1689061147.659095
2883,2883,,1689061147.6790948
2884,2884,,1689061147.699203
2885,2885,456839.jpg,1689061147.7190394
2886,2886,,1689061147.738954
2887,2887,,1689061147.7589529
2888,2888,,1689061147.7789536
2889,2889,,1689061147.7990448
2890,2890,488612.jpg,1689061147.8186762
2891,2891,,1689061147.8386693
2892,2892,,1689061147.8588445
2893,2893,,1689061147.878853
2894,2894,,1689061147.899246
2895,2895,112234.jpg,1689061147.9202821
2896,2896,,1689061147.939282
2897,2897,,1689061147.959278
2898,2898,,1689061147.979276
2899,2899,,1689061147.9992704
2900,2900,113602.jpg,1689061148.0192764
2901,2901,,1689061148.0392828
2902,2902,,1689061148.0592694
2903,2903,,1689061148.0795488
2904,2904,,1689061148.098982
2905,2905,1480926.jpg,1689061148.1189826
2906,2906,,1689061148.138977
2907,2907,,1689061148.158976
2908,2908,,1689061148.1789768
2909,2909,,1689061148.1989858
2910,2910,1517039671.8039265.png,1689061148.2189825
2911,2911,,1689061148.2389874
2912,2912,,1689061148.2589757
2913,2913,,1689061148.2789824
2914,2914,,1689061148.2989826
2915,2915,1920-1200-351843.jpg,1689061148.3191054
2916,2916,,1689061148.3394501
2917,2917,,1689061148.3594573
2918,2918,,1689061148.3794582
2919,2919,,1689061148.3994567
2920,2920,1920-1200-360818.jpg,1689061148.418974
2921,2921,,1689061148.4389753
2922,2922,,1689061148.4589732
2923,2923,,1689061148.4789746
2924,2924,,1689061148.4989743
2925,2925,1920-1200-379572.png,1689061148.5187514
2926,2926,,1689061148.538753
2927,2927,,1689061148.5592833
2928,2928,,1689061148.5792828
2929,2929,,1689061148.5992763
2930,2930,1920-1200-555187.jpg,1689061148.6193812
2931,2931,,1689061148.63938
2932,2932,,1689061148.659386
2933,2933,,1689061148.679386
2934,2934,,1689061148.6993873
2935,2935,1920-1200-606700.jpg,1689061148.7195737
2936,2936,,1689061148.7387004
2937,2937,,1689061148.759218
2938,2938,,1689061148.7792206
2939,2939,,1689061148.7992275
2940,2940,238803.jpg,1689061148.819227
2941,2941,,1689061148.83922
2942,2942,,1689061148.8593974
2943,2943,,1689061148.8793974
2944,2944,,1689061148.8989005
2945,2945,310208.jpg,1689061148.918638
2946,2946,,1689061148.93863
2947,2947,,1689061148.9586375
2948,2948,,1689061148.9786408
2949,2949,,1689061148.9986386
2950,2950,342360.jpg,1689061149.0186374
2951,2951,,1689061149.0386307
2952,2952,,1689061149.0586374
2953,2953,,1689061149.078639
2954,2954,,1689061149.0986373
2955,2955,345397.jpg,1689061149.118632
2956,2956,,1689061149.1386333
2957,2957,,1689061149.1586301
2958,2958,,1689061149.1786304
2959,2959,,1689061149.1986299
2960,2960,359089.jpg,1689061149.2187433
2961,2961,,1689061149.2387369
2962,2962,,1689061149.258743
2963,2963,,1689061149.2787428
2964,2964,,1689061149.298743
2965,2965,376324.jpg,1689061149.3194048
2966,2966,,1689061149.3389223
2967,2967,,1689061149.359231
2968,2968,,1689061149.3794637
2969,2969,,1689061149.39946
2970,2970,379425.jpg,1689061149.419189
2971,2971,,1689061149.4391828
2972,2972,,1689061149.4591937
2973,2973,,1689061149.4794114
2974,2974,,1689061149.4994364
2975,2975,382009.jpg,1689061149.5192907
2976,2976,,1689061149.539431
2977,2977,,1689061149.5594199
2978,2978,,1689061149.5790641
2979,2979,,1689061149.5996203
2980,2980,445190.jpg,1689061149.6196196
2981,2981,,1689061149.6396148
2982,2982,,1689061149.65962
2983,2983,,1689061149.6796205
2984,2984,,1689061149.6996198
2985,2985,456839.jpg,1689061149.7194195
2986,2986,,1689061149.739418
2987,2987,,1689061149.7594242
2988,2988,,1689061149.779424
2989,2989,,1689061149.799418
2990,2990,488612.jpg,1689061149.819492
2991,2991,,1689061149.839485
2992,2992,,1689061149.859491
2993,2993,,1689061149.8794932
2994,2994,,1689061149.8995852
2995,2995,112234.jpg,1689061149.9190917
2996,2996,,1689061149.9390862
2997,2997,,1689061149.9590986
2998,2998,,1689061149.9790843
2999,2999,,1689061149.999093
